dataset,pair_id,group_id,piece_a_id,piece_b_id,event_index,event_id,gt_a_s,gt_b_s,pred_b_s,signed_error_ms,abs_error_ms,error_sign,gt_b_frame,pred_b_frame,off_50ms,off_100ms,off_200ms
swd,D911-17_HU33_SC06,D911-17,Schubert_D911-17_HU33,Schubert_D911-17_SC06,49,49.999,192.748843537,190.552789116,187.04988662131518,-3502.902494684832,3502.902494684832,early,38197,37495,True,True,True
swd,D911-07_HU33_SC06,D911-07,Schubert_D911-07_HU33,Schubert_D911-07_SC06,74,74.999,180.114285714,190.568321995,187.384126984127,-3184.1950108729975,3184.1950108729975,early,38200,37562,True,True,True
swd,D911-17_HU33_SC06,D911-17,Schubert_D911-17_HU33,Schubert_D911-17_SC06,48,49,188.871111111,187.989070295,186.08743764161224,-1901.6326533877645,1901.6326533877645,early,37683,37302,True,True,True
swd,D911-02_HU33_SC06,D911-02,Schubert_D911-02_HU33,Schubert_D911-02_SC06,50,50,92.350657596,91.309773243,93.13387755064852,1824.1043076485255,1824.1043076485255,late,18303,18669,True,True,True
swd,D911-20_HU33_SC06,D911-20,Schubert_D911-20_HU33,Schubert_D911-20_SC06,84,83.999,238.052244898,232.56,230.9451247165533,-1614.8752834467075,1614.8752834467075,early,46618,46294,True,True,True
swd,D911-02_HU33_SC06,D911-02,Schubert_D911-02_HU33,Schubert_D911-02_SC06,49,49,90.745578231,89.826394558,91.40272108755782,1576.326529557818,1576.326529557818,late,18006,18322,True,True,True
swd,D911-22_HU33_SC06,D911-22,Schubert_D911-22_HU33,Schubert_D911-22_SC06,64,64.999,74.481632653,73.746575964,72.39138321989343,-1355.1927441065743,1355.1927441065743,early,14783,14511,True,True,True
swd,D911-02_HU33_SC06,D911-02,Schubert_D911-02_HU33,Schubert_D911-02_SC06,51,51,94.185034014,93.191927438,94.47437641762811,1282.448979628114,1282.448979628114,late,18681,18938,True,True,True
swd,D911-06_HU33_SC06,D911-06,Schubert_D911-06_HU33,Schubert_D911-06_SC06,21,22,85.12723356,82.714217687,83.92496598630385,1210.7482993038445,1210.7482993038445,late,16580,16823,True,True,True
swd,D911-07_HU33_SC06,D911-07,Schubert_D911-07_HU33,Schubert_D911-07_SC06,73,74,176.663786848,187.547142857,186.41163265298866,-1135.5102040113536,1135.5102040113536,early,37595,37367,True,True,True
swd,D911-17_HU33_SC06,D911-17,Schubert_D911-17_HU33,Schubert_D911-17_SC06,26,27,98.72829932,100.558866213,101.66163265333334,1102.7664403333404,1102.7664403333404,late,20157,20379,True,True,True
swd,D911-06_HU33_SC06,D911-06,Schubert_D911-06_HU33,Schubert_D911-06_SC06,60,60.999,257.091337868,240.434875283,239.48571428571427,-949.1609972857304,949.1609972857304,early,48196,48006,True,True,True
swd,D911-20_HU33_SC06,D911-20,Schubert_D911-20_HU33,Schubert_D911-20_SC06,76,76,207.473582766,199.920884354,200.80374149615872,882.8571421587128,882.8571421587128,late,40075,40252,True,True,True
swd,D911-17_HU33_SC06,D911-17,Schubert_D911-17_HU33,Schubert_D911-17_SC06,27,28,102.433446712,103.990294785,104.8467120181406,856.4172331405899,856.4172331405899,late,20845,21017,True,True,True
swd,D911-06_HU33_SC06,D911-06,Schubert_D911-06_HU33,Schubert_D911-06_SC06,56,57,236.279138322,221.300385488,222.14126984127438,840.8843532743902,840.8843532743902,late,44361,44529,True,True,True
swd,D911-20_HU33_SC06,D911-20,Schubert_D911-20_HU33,Schubert_D911-20_SC06,66,66,178.042675737,171.549024943,172.34063492067347,791.6099776734598,791.6099776734598,late,34388,34546,True,True,True
swd,D911-06_HU33_SC06,D911-06,Schubert_D911-06_HU33,Schubert_D911-06_SC06,45,46,185.294580499,176.547369615,177.32698412698412,779.6145119841071,779.6145119841071,late,35390,35546,True,True,True
swd,D911-02_HU33_SC06,D911-02,Schubert_D911-02_HU33,Schubert_D911-02_SC06,48,48,89.129795918,88.315306122,89.09487528307938,779.5691610793796,779.5691610793796,late,17703,17859,True,True,True
swd,D911-20_HU33_SC06,D911-20,Schubert_D911-20_HU33,Schubert_D911-20_SC06,67,67,181.292630385,175.13430839,175.90487528295918,770.5668929591809,770.5668929591809,late,35106,35261,True,True,True
swd,D911-20_HU33_SC06,D911-20,Schubert_D911-20_HU33,Schubert_D911-20_SC06,68,68,183.925260771,177.957732426,178.65895691609978,701.2244900997757,701.2244900997757,late,35672,35813,True,True,True
swd,D911-07_HU33_SC06,D911-07,Schubert_D911-07_HU33,Schubert_D911-07_SC06,35,36,87.090045351,91.472267574,92.16850340088662,696.2358268866211,696.2358268866211,late,18336,18476,True,True,True
swd,D911-07_HU33_SC06,D911-07,Schubert_D911-07_HU33,Schubert_D911-07_SC06,39,40,98.259818594,102.657641723,101.99632653050793,-661.3151924920686,661.3151924920686,early,20578,20446,True,True,True
swd,D911-20_HU33_SC06,D911-20,Schubert_D911-20_HU33,Schubert_D911-20_SC06,40,40,106.720068027,103.960816327,103.32278911543537,-638.0272115646335,638.0272115646335,early,20839,20712,True,True,True
swd,D911-06_HU33_SC06,D911-06,Schubert_D911-06_HU33,Schubert_D911-06_SC06,17,18,69.552244898,68.06,68.63433106580045,574.3310658004503,574.3310658004503,late,13643,13758,True,True,True
swd,D911-07_HU33_SC06,D911-07,Schubert_D911-07_HU33,Schubert_D911-07_SC06,59,60,146.11138322,154.62707483,155.14086167804987,513.7868480498753,513.7868480498753,late,30996,31099,True,True,True
swd,D911-06_HU33_SC06,D911-06,Schubert_D911-06_HU33,Schubert_D911-06_SC06,49,50,201.706598639,192.155396825,192.66714285668706,511.74603168706767,511.74603168706767,late,38518,38621,True,True,True
swd,D911-20_HU33_SC06,D911-20,Schubert_D911-20_HU33,Schubert_D911-20_SC06,39,39,103.879727891,100.580498866,101.08027210884353,499.7732428435313,499.7732428435313,late,20162,20262,True,True,True
swd,D911-24_HU33_SC06,D911-24,Schubert_D911-24_HU33,Schubert_D911-24_SC06,60,61,183.279206349,204.429977324,204.88510204060998,455.124716609987,455.124716609987,late,40979,41070,True,True,True
swd,D911-02_HU33_SC06,D911-02,Schubert_D911-02_HU33,Schubert_D911-02_SC06,25,25,42.568095238,42.16106576,41.7150340135102,-446.03174648980115,446.03174648980115,early,8451,8362,True,True,True
swd,D911-24_HU33_SC06,D911-24,Schubert_D911-24_HU33,Schubert_D911-24_SC06,61,61.999,186.340136054,207.806893424,207.3736961451247,-433.1972788752978,433.1972788752978,early,41656,41569,True,True,True
swd,D911-20_HU33_SC06,D911-20,Schubert_D911-20_HU33,Schubert_D911-20_SC06,49,49,130.793038549,127.709297052,128.11911564650563,409.8185945056372,409.8185945056372,late,25600,25682,True,True,True
swd,D911-07_HU33_SC06,D911-07,Schubert_D911-07_HU33,Schubert_D911-07_SC06,27,28,65.629909297,71.280793651,71.64327664391269,362.4829929126889,362.4829929126889,late,14289,14361,True,True,True
swd,D911-22_HU33_SC06,D911-22,Schubert_D911-22_HU33,Schubert_D911-22_SC06,24,25,29.137959184,28.416054422,28.060408163591838,-355.64625840816075,355.64625840816075,early,5696,5625,True,True,True
swd,D911-02_HU33_SC06,D911-02,Schubert_D911-02_HU33,Schubert_D911-02_SC06,52,51.666,95.898412698,95.004444444,95.35328798185941,348.843537859409,348.843537859409,late,19044,19114,True,True,True
swd,D911-07_HU33_SC06,D911-07,Schubert_D911-07_HU33,Schubert_D911-07_SC06,31,32,76.941337868,81.799455782,81.45986394557823,-339.5918364217607,339.5918364217607,early,16397,16329,True,True,True
swd,D911-07_HU33_SC06,D911-07,Schubert_D911-07_HU33,Schubert_D911-07_SC06,70,71,169.761315193,179.793537415,179.4603401364388,-333.19727856121517,333.19727856121517,early,36040,35974,True,True,True
swd,D911-22_HU33_SC06,D911-22,Schubert_D911-22_HU33,Schubert_D911-22_SC06,20,21,24.182131519,23.741269841,23.41886621287755,-322.4036281224514,322.4036281224514,early,4759,4694,True,True,True
swd,D911-22_HU33_SC06,D911-22,Schubert_D911-22_HU33,Schubert_D911-22_SC06,4,5,5.305102041,5.280453515,5.577324263038548,296.87074803854864,296.87074803854864,late,1058,1118,True,True,True
swd,D911-18_HU33_SC06,D911-18,Schubert_D911-18_HU33,Schubert_D911-18_SC06,19,19.75,42.69553288,43.151020408,42.865147392471656,-285.8730155283453,285.8730155283453,early,8650,8593,True,True,True
swd,D911-24_HU33_SC06,D911-24,Schubert_D911-24_HU33,Schubert_D911-24_SC06,26,27,71.692018141,85.798208617,86.07931972830158,281.11111130158406,281.11111130158406,late,17199,17255,True,True,True
swd,D911-24_HU33_SC06,D911-24,Schubert_D911-24_HU33,Schubert_D911-24_SC06,53,54,157.129433107,175.676054422,175.95664399135376,280.589569353765,280.589569353765,late,35215,35271,True,True,True
swd,D911-02_HU33_SC06,D911-02,Schubert_D911-02_HU33,Schubert_D911-02_SC06,5,5,7.153333333,7.227709751,7.502539682206349,274.82993120634893,274.82993120634893,late,1449,1504,True,True,True
swd,D911-06_HU33_SC06,D911-06,Schubert_D911-06_HU33,Schubert_D911-06_SC06,41,42,170.651451247,161.364829932,161.6369387753447,272.10884334471075,272.10884334471075,late,32346,32401,True,True,True
swd,D911-24_HU33_SC06,D911-24,Schubert_D911-24_HU33,Schubert_D911-24_SC06,46,47,134.54553288,150.857369615,151.12784580517007,270.47619017005786,270.47619017005786,late,30240,30294,True,True,True
swd,D911-07_HU33_SC06,D911-07,Schubert_D911-07_HU33,Schubert_D911-07_SC06,44,45,109.449977324,117.058208617,116.79328798159638,-264.92063540362665,264.92063540362665,early,23465,23412,True,True,True
swd,D911-06_HU33_SC06,D911-06,Schubert_D911-06_HU33,Schubert_D911-06_SC06,25,26,101.093854875,98.559569161,98.82401360515874,264.444444158741,264.444444158741,late,19757,19810,True,True,True
swd,D911-07_HU33_SC06,D911-07,Schubert_D911-07_HU33,Schubert_D911-07_SC06,38,39,94.852222222,99.145714286,99.40907029478458,263.35600878458365,263.35600878458365,late,19874,19927,True,True,True
swd,D911-20_HU33_SC06,D911-20,Schubert_D911-20_HU33,Schubert_D911-20_SC06,77,77,211.239818594,203.72138322,203.9814058956916,260.02267569160153,260.02267569160153,late,40837,40889,True,True,True
swd,D911-17_HU33_SC06,D911-17,Schubert_D911-17_HU33,Schubert_D911-17_SC06,34,35,127.303673469,130.564557823,130.31383219954648,-250.72562345351912,250.72562345351912,early,26172,26122,True,True,True
swd,D911-02_HU33_SC06,D911-02,Schubert_D911-02_HU33,Schubert_D911-02_SC06,9,9,14.628571429,14.031632653,14.27437641766213,242.74376466213,242.74376466213,late,2813,2861,True,True,True
swd,D911-02_HU33_SC06,D911-02,Schubert_D911-02_HU33,Schubert_D911-02_SC06,24,24,40.81553288,40.116326531,39.87766439927438,-238.66213172561856,238.66213172561856,early,8042,7994,True,True,True
swd,D911-06_HU33_SC06,D911-06,Schubert_D911-06_HU33,Schubert_D911-06_SC06,53,54,221.610045351,209.407732426,209.6322675732222,224.53514722221257,224.53514722221257,late,41977,42022,True,True,True
swd,D911-07_HU33_SC06,D911-07,Schubert_D911-07_HU33,Schubert_D911-07_SC06,71,72,171.831088435,181.946802721,181.7236054418027,-223.1972791973078,223.1972791973078,early,36472,36427,True,True,True
swd,D911-06_HU33_SC06,D911-06,Schubert_D911-06_HU33,Schubert_D911-06_SC06,51,52,209.603492063,200.125306122,200.34453514690026,219.22902490024399,219.22902490024399,late,40116,40160,True,True,True
swd,D911-06_HU33_SC06,D911-06,Schubert_D911-06_HU33,Schubert_D911-06_SC06,20,21,80.826485261,78.977301587,79.1951927439932,217.89115699320405,217.89115699320405,late,15831,15875,True,True,True
swd,D911-02_HU33_SC06,D911-02,Schubert_D911-02_HU33,Schubert_D911-02_SC06,47,47,87.56244898,86.800385488,87.00870748340137,208.32199540136287,208.32199540136287,late,17400,17441,True,True,True
swd,D911-17_HU33_SC06,D911-17,Schubert_D911-17_HU33,Schubert_D911-17_SC06,25,26,93.70122449,96.861496599,97.05360544238096,192.10884338095013,192.10884338095013,late,19416,19455,True,True,False
swd,D911-06_HU33_SC06,D911-06,Schubert_D911-06_HU33,Schubert_D911-06_SC06,55,56,232.649274376,217.323968254,217.508684806839,184.71655283900645,184.71655283900645,late,43564,43601,True,True,False
swd,D911-06_HU33_SC06,D911-06,Schubert_D911-06_HU33,Schubert_D911-06_SC06,8,9,30.188027211,32.3461678,32.52272108855102,176.5532885510197,176.5532885510197,late,6484,6519,True,True,False
swd,D911-06_HU33_SC06,D911-06,Schubert_D911-06_HU33,Schubert_D911-06_SC06,39,40,158.595102041,152.785600907,152.6186848074399,-166.91609956009756,166.91609956009756,early,30627,30593,True,True,False
swd,D911-22_HU33_SC06,D911-22,Schubert_D911-22_HU33,Schubert_D911-22_SC06,23,24,27.688231293,27.140793651,26.974852608192744,-165.94104280725475,165.94104280725475,early,5440,5407,True,True,False
swd,D911-02_HU33_SC06,D911-02,Schubert_D911-02_HU33,Schubert_D911-02_SC06,34,34,61.722335601,60.116984127,59.95136054431065,-165.6235826893493,165.6235826893493,early,12051,12018,True,True,False
swd,D911-17_HU33_SC06,D911-17,Schubert_D911-17_HU33,Schubert_D911-17_SC06,41,42,157.427641723,158.308571429,158.465283446356,156.71201735599993,156.71201735599993,late,31734,31765,True,True,False
swd,D911-07_HU33_SC06,D911-07,Schubert_D911-07_HU33,Schubert_D911-07_SC06,63,64,154.599614512,164.176553288,164.32397959065756,147.42630265754997,147.42630265754997,late,32910,32939,True,True,False
swd,D911-24_HU33_SC06,D911-24,Schubert_D911-24_HU33,Schubert_D911-24_SC06,54,55,161.658412698,179.276961451,179.41804988620862,141.0884352086157,141.0884352086157,late,35937,35965,True,True,False
swd,D911-17_HU33_SC06,D911-17,Schubert_D911-17_HU33,Schubert_D911-17_SC06,40,41,153.019795918,154.138684807,154.0025623579093,-136.12244909069204,136.12244909069204,early,30898,30871,True,True,False
swd,D911-07_HU33_SC06,D911-07,Schubert_D911-07_HU33,Schubert_D911-07_SC06,68,69,164.998526077,174.924603175,175.05566893414286,131.06575914287077,131.06575914287077,late,35064,35091,True,True,False
swd,D911-02_HU33_SC06,D911-02,Schubert_D911-02_HU33,Schubert_D911-02_SC06,17,17,29.152653061,28.051269841,27.92045351451474,-130.81632648525954,130.81632648525954,early,5623,5597,True,True,False
swd,D911-02_HU33_SC06,D911-02,Schubert_D911-02_HU33,Schubert_D911-02_SC06,16,16,27.515646259,26.330544218,26.203628118410432,-126.91609958956818,126.91609958956818,early,5278,5253,True,True,False
swd,D911-07_HU33_SC06,D911-07,Schubert_D911-07_HU33,Schubert_D911-07_SC06,41,42,102.004240363,108.790045351,108.66909297070974,-120.95238029026234,120.95238029026234,early,21807,21783,True,True,False
swd,D911-06_HU33_SC06,D911-06,Schubert_D911-06_HU33,Schubert_D911-06_SC06,43,44,177.067981859,168.90244898,169.02086167800454,118.41269800453347,118.41269800453347,late,33857,33881,True,True,False
swd,D911-20_HU33_SC06,D911-20,Schubert_D911-20_HU33,Schubert_D911-20_SC06,72,72,195.703514739,188.966961451,188.84909297029253,-117.86848070747169,117.86848070747169,early,37879,37856,True,True,False
swd,D911-07_HU33_SC06,D911-07,Schubert_D911-07_HU33,Schubert_D911-07_SC06,22,23,53.639614512,58.85260771,58.967505668462586,114.89795846258488,114.89795846258488,late,11797,11820,True,True,False
swd,D911-22_HU33_SC06,D911-22,Schubert_D911-22_HU33,Schubert_D911-22_SC06,46,47,54.592358277,52.33047619,52.21775510239683,-112.72108760316968,112.72108760316968,early,10490,10467,True,True,False
swd,D911-20_HU33_SC06,D911-20,Schubert_D911-20_HU33,Schubert_D911-20_SC06,33,33,87.841088435,84.790907029,84.67827664361678,-112.63038538321268,112.63038538321268,early,16997,16974,True,True,False
swd,D911-07_HU33_SC06,D911-07,Schubert_D911-07_HU33,Schubert_D911-07_SC06,37,38,92.303650794,96.721836735,96.8333560094195,111.51927441950704,111.51927441950704,late,19388,19411,True,True,False
swd,D911-17_HU33_SC06,D911-17,Schubert_D911-17_HU33,Schubert_D911-17_SC06,6,7,18.208321995,24.51877551,24.409229024478456,-109.54648552154467,109.54648552154467,early,4915,4893,True,True,False
swd,D911-22_HU33_SC06,D911-22,Schubert_D911-22_HU33,Schubert_D911-22_SC06,11,12,13.436394558,13.398684807,13.289795918367346,-108.888888632654,108.888888632654,early,2686,2664,True,True,False
swd,D911-20_HU33_SC06,D911-20,Schubert_D911-20_HU33,Schubert_D911-20_SC06,0,0.75,0.371519274,0.743038549,0.6359183669705215,-107.12018202947849,107.12018202947849,early,149,127,True,True,False
swd,D911-07_HU33_SC06,D911-07,Schubert_D911-07_HU33,Schubert_D911-07_SC06,53,54,131.051904762,139.1930839,139.08888888888887,-104.1950111111305,104.1950111111305,early,27902,27881,True,True,False
swd,D911-02_HU33_SC06,D911-02,Schubert_D911-02_HU33,Schubert_D911-02_SC06,38,38,70.596099773,69.666825397,69.7679818591678,101.1564621678076,101.1564621678076,late,13965,13985,True,True,False
swd,D911-17_HU33_SC06,D911-17,Schubert_D911-17_HU33,Schubert_D911-17_SC06,24,25,88.8669161,93.092403628,93.19319727891157,100.79365091156944,100.79365091156944,late,18661,18681,True,True,False
swd,D911-20_HU33_SC06,D911-20,Schubert_D911-20_HU33,Schubert_D911-20_SC06,79,79,218.360453515,211.162267574,211.26158730184807,99.3197278480693,99.3197278480693,late,42328,42348,True,False,False
swd,D911-24_HU33_SC06,D911-24,Schubert_D911-24_HU33,Schubert_D911-24_SC06,41,42,119.053945578,134.551315193,134.64944444224713,98.12924924713684,98.12924924713684,late,26971,26991,True,False,False
swd,D911-07_HU33_SC06,D911-07,Schubert_D911-07_HU33,Schubert_D911-07_SC06,26,27,63.144535147,68.938888889,68.841587301195,-97.3015878049921,97.3015878049921,early,13819,13800,True,False,False
swd,D911-07_HU33_SC06,D911-07,Schubert_D911-07_HU33,Schubert_D911-07_SC06,25,26,60.751564626,66.515510204,66.4186848074059,-96.82539659409883,96.82539659409883,early,13333,13314,True,False,False
swd,D911-07_HU33_SC06,D911-07,Schubert_D911-07_HU33,Schubert_D911-07_SC06,23,24,56.009070295,61.457777778,61.36190476212018,-95.87301587981756,95.87301587981756,early,12319,12300,True,False,False
swd,D911-06_HU33_SC06,D911-06,Schubert_D911-06_HU33,Schubert_D911-06_SC06,52,53,215.058163265,204.805487528,204.90124716522675,95.75963722676306,95.75963722676306,late,41054,41073,True,False,False
swd,D911-06_HU33_SC06,D911-06,Schubert_D911-06_HU33,Schubert_D911-06_SC06,35,36,141.205963719,137.833197279,137.92841269859184,95.21541959185242,95.21541959185242,late,27629,27648,True,False,False
swd,D911-07_HU33_SC06,D911-07,Schubert_D911-07_HU33,Schubert_D911-07_SC06,43,44,106.767981859,113.887936508,113.98158730117687,93.6507931768773,93.6507931768773,late,22829,22848,True,False,False
swd,D911-17_HU33_SC06,D911-17,Schubert_D911-17_HU33,Schubert_D911-17_SC06,8,9,25.231791383,32.087482993,32.18099773220635,93.51473920634845,93.51473920634845,late,6432,6451,True,False,False
swd,D911-07_HU33_SC06,D911-07,Schubert_D911-07_HU33,Schubert_D911-07_SC06,61,62,150.529433107,159.83122449,159.73850340178458,-92.72108821542702,92.72108821542702,early,32039,32020,True,False,False
swd,D911-07_HU33_SC06,D911-07,Schubert_D911-07_HU33,Schubert_D911-07_SC06,58,59,142.891473923,151.902539683,151.81120181415648,-91.33786884351025,91.33786884351025,early,30450,30431,True,False,False
swd,D911-07_HU33_SC06,D911-07,Schubert_D911-07_HU33,Schubert_D911-07_SC06,10,11,23.721156463,26.820544218,26.911541951358277,90.99773335827877,90.99773335827877,late,5376,5395,True,False,False
swd,D911-07_HU33_SC06,D911-07,Schubert_D911-07_HU33,Schubert_D911-07_SC06,33,34,81.989024943,86.632653061,86.7232653058118,90.61224481179408,90.61224481179408,late,17366,17384,True,False,False
swd,D911-07_HU33_SC06,D911-07,Schubert_D911-07_HU33,Schubert_D911-07_SC06,3,4,7.405782313,8.248480726,8.15907029485941,-89.41043114059077,89.41043114059077,early,1653,1636,True,False,False
swd,D911-22_HU33_SC06,D911-22,Schubert_D911-22_HU33,Schubert_D911-22_SC06,13,14,16.304126984,15.740839002,15.83020408150567,89.36507950567041,89.36507950567041,late,3155,3173,True,False,False
swd,D911-18_HU33_SC06,D911-18,Schubert_D911-18_HU33,Schubert_D911-18_SC06,3,4,6.56569161,7.28122449,7.368866213174603,87.64172317460338,87.64172317460338,late,1460,1477,True,False,False
swd,D911-24_HU33_SC06,D911-24,Schubert_D911-24_HU33,Schubert_D911-24_SC06,3,4,7.301746032,12.032811791,12.120022678022673,87.21088702267288,87.21088702267288,late,2412,2430,True,False,False
swd,D911-17_HU33_SC06,D911-17,Schubert_D911-17_HU33,Schubert_D911-17_SC06,22,23,79.999274376,85.857437642,85.77029478353744,-87.1428584625562,87.1428584625562,early,17211,17193,True,False,False
swd,D911-17_HU33_SC06,D911-17,Schubert_D911-17_HU33,Schubert_D911-17_SC06,7,8,21.776780045,28.342721088,28.426666666315192,83.94557831519123,83.94557831519123,late,5681,5698,True,False,False
swd,D911-07_HU33_SC06,D911-07,Schubert_D911-07_HU33,Schubert_D911-07_SC06,64,65,156.615487528,166.245986395,166.162358276644,-83.62811835598905,83.62811835598905,early,33325,33308,True,False,False
swd,D911-06_HU33_SC06,D911-06,Schubert_D911-06_HU33,Schubert_D911-06_SC06,54,55,225.041179138,212.927437642,212.84390022643535,-83.53741556464911,83.53741556464911,early,42682,42666,True,False,False
swd,D911-17_HU33_SC06,D911-17,Schubert_D911-17_HU33,Schubert_D911-17_SC06,1,2,3.236938776,4.737188209,4.819467123365081,82.27891436508105,82.27891436508105,late,950,966,True,False,False
swd,D911-20_HU33_SC06,D911-20,Schubert_D911-20_HU33,Schubert_D911-20_SC06,28,28,73.74276644,70.936961451,71.01895691619048,81.99546519047374,81.99546519047374,late,14220,14236,True,False,False
swd,D911-02_HU33_SC06,D911-02,Schubert_D911-02_HU33,Schubert_D911-02_SC06,22,22,37.593106576,36.476780045,36.39582766443537,-80.95238056462506,80.95238056462506,early,7312,7296,True,False,False
swd,D911-17_HU33_SC06,D911-17,Schubert_D911-17_HU33,Schubert_D911-17_SC06,35,36,130.979047619,134.215895692,134.2965079364603,80.61224446029769,80.61224446029769,late,26904,26920,True,False,False
swd,D911-17_HU33_SC06,D911-17,Schubert_D911-17_HU33,Schubert_D911-17_SC06,13,14,41.798321995,51.042108844,51.122131518809525,80.02267480952696,80.02267480952696,late,10232,10248,True,False,False
swd,D911-02_HU33_SC06,D911-02,Schubert_D911-02_HU33,Schubert_D911-02_SC06,21,21,35.979319728,34.839954649,34.760997732426304,-78.95691657369497,78.95691657369497,early,6984,6968,True,False,False
swd,D911-06_HU33_SC06,D911-06,Schubert_D911-06_HU33,Schubert_D911-06_SC06,37,38,148.677823129,144.994693878,144.91637188183444,-78.32199616555613,78.32199616555613,early,29065,29049,True,False,False
swd,D911-02_HU33_SC06,D911-02,Schubert_D911-02_HU33,Schubert_D911-02_SC06,37,37,66.95600907,65.107981859,65.03038548723356,-77.59637176644674,77.59637176644674,early,13051,13036,True,False,False
swd,D911-20_HU33_SC06,D911-20,Schubert_D911-20_HU33,Schubert_D911-20_SC06,58,58,155.267868481,150.765487528,150.6882766442653,-77.21088373469343,77.21088373469343,early,30222,30206,True,False,False
swd,D911-24_HU33_SC06,D911-24,Schubert_D911-24_HU33,Schubert_D911-24_SC06,32,33,89.687913832,106.03569161,105.95918367346938,-76.50793653061783,76.50793653061783,early,21255,21240,True,False,False
swd,D911-20_HU33_SC06,D911-20,Schubert_D911-20_HU33,Schubert_D911-20_SC06,78,78,214.845464853,207.702040816,207.62687074869163,-75.17006730836329,75.17006730836329,early,41635,41620,True,False,False
swd,D911-07_HU33_SC06,D911-07,Schubert_D911-07_HU33,Schubert_D911-07_SC06,32,33,79.484535147,84.189092971,84.11401360504989,-75.07936595010278,75.07936595010278,early,16876,16861,True,False,False
swd,D911-06_HU33_SC06,D911-06,Schubert_D911-06_HU33,Schubert_D911-06_SC06,31,32,124.999659864,123.176712018,123.10396825402267,-72.74376397732851,72.74376397732851,early,24691,24677,True,False,False
swd,D911-20_HU33_SC06,D911-20,Schubert_D911-20_HU33,Schubert_D911-20_SC06,44,44,117.516145125,114.729795918,114.80142857185373,71.63265385374018,71.63265385374018,late,22998,23012,True,False,False
swd,D911-02_HU33_SC06,D911-02,Schubert_D911-02_HU33,Schubert_D911-02_SC06,39,39,73.618866213,72.976122449,72.90666666636282,-69.45578263717778,69.45578263717778,early,14628,14614,True,False,False
swd,D911-07_HU33_SC06,D911-07,Schubert_D911-07_HU33,Schubert_D911-07_SC06,62,63,152.569365079,162.038730159,162.10768707446485,68.95691546483818,68.95691546483818,late,32481,32495,True,False,False
swd,D911-20_HU33_SC06,D911-20,Schubert_D911-20_HU33,Schubert_D911-20_SC06,48,48,127.965170068,124.83047619,124.76244897956462,-68.02721043537474,68.02721043537474,early,25023,25009,True,False,False
swd,D911-07_HU33_SC06,D911-07,Schubert_D911-07_HU33,Schubert_D911-07_SC06,14,15,33.409342404,37.057573696,36.991201814430845,-66.37188156915386,66.37188156915386,early,7428,7415,True,False,False
swd,D911-20_HU33_SC06,D911-20,Schubert_D911-20_HU33,Schubert_D911-20_SC06,42,42,112.170090703,109.540272109,109.60591836739908,65.64625839908445,65.64625839908445,late,21958,21971,True,False,False
swd,D911-17_HU33_SC06,D911-17,Schubert_D911-17_HU33,Schubert_D911-17_SC06,38,39,143.409546485,145.893900227,145.95875283420634,64.85260720634756,64.85260720634756,late,29245,29258,True,False,False
swd,D911-20_HU33_SC06,D911-20,Schubert_D911-20_HU33,Schubert_D911-20_SC06,83,83,232.301768707,226.863197279,226.79927437593426,-63.92290306573045,63.92290306573045,early,45476,45463,True,False,False
swd,D911-07_HU33_SC06,D911-07,Schubert_D911-07_HU33,Schubert_D911-07_SC06,67,68,162.742494331,172.571587302,172.63501133780272,63.42403580271139,63.42403580271139,late,34593,34605,True,False,False
swd,D911-06_HU33_SC06,D911-06,Schubert_D911-06_HU33,Schubert_D911-06_SC06,4,5,14.182834467,17.233922902,17.29582766415873,61.9047621587292,61.9047621587292,late,3455,3467,True,False,False
swd,D911-02_HU33_SC06,D911-02,Schubert_D911-02_HU33,Schubert_D911-02_SC06,4,4,5.570975057,5.419410431,5.481179138632653,61.76870763265274,61.76870763265274,late,1086,1099,True,False,False
swd,D911-06_HU33_SC06,D911-06,Schubert_D911-06_HU33,Schubert_D911-06_SC06,32,33,127.803446712,126.435124717,126.49641723354195,61.292516541954,61.292516541954,late,25344,25357,True,False,False
swd,D911-02_HU33_SC06,D911-02,Schubert_D911-02_HU33,Schubert_D911-02_SC06,18,18,30.812879819,29.726122449,29.665487528750564,-60.63492024943429,60.63492024943429,early,5959,5947,True,False,False
swd,D911-07_HU33_SC06,D911-07,Schubert_D911-07_HU33,Schubert_D911-07_SC06,16,17,38.059569161,42.151473923,42.0909410430873,-60.5328799126994,60.5328799126994,early,8449,8437,True,False,False
swd,D911-06_HU33_SC06,D911-06,Schubert_D911-06_HU33,Schubert_D911-06_SC06,24,25,96.256031746,94.394693878,94.45512471652155,60.43083852155462,60.43083852155462,late,18922,18934,True,False,False
swd,D911-17_HU33_SC06,D911-17,Schubert_D911-17_HU33,Schubert_D911-17_SC06,23,24,84.367482993,89.456485261,89.5157823127279,59.29705172789568,59.29705172789568,late,17932,17944,True,False,False
swd,D911-07_HU33_SC06,D911-07,Schubert_D911-07_HU33,Schubert_D911-07_SC06,56,57,137.792267574,146.117165533,146.05804988662132,-59.11564637867173,59.11564637867173,early,29290,29278,True,False,False
swd,D911-22_HU33_SC06,D911-22,Schubert_D911-22_HU33,Schubert_D911-22_SC06,48,49,56.738480726,54.534263039,54.59335600944671,59.092970446705806,59.092970446705806,late,10932,10943,True,False,False
swd,D911-07_HU33_SC06,D911-07,Schubert_D911-07_HU33,Schubert_D911-07_SC06,18,19,43.389138322,47.82446712,47.76643990929705,-58.027210702952914,58.027210702952914,early,9587,9575,True,False,False
swd,D911-07_HU33_SC06,D911-07,Schubert_D911-07_HU33,Schubert_D911-07_SC06,30,31,74.302471655,79.128594104,79.18588435291952,57.2902489195144,57.2902489195144,late,15862,15873,True,False,False
swd,D911-20_HU33_SC06,D911-20,Schubert_D911-20_HU33,Schubert_D911-20_SC06,9,9,23.088684807,22.093151927,22.036077097249432,-57.07482975056877,57.07482975056877,early,4429,4417,True,False,False
swd,D911-07_HU33_SC06,D911-07,Schubert_D911-07_HU33,Schubert_D911-07_SC06,5,6,12.022108844,13.46569161,13.408956916562358,-56.734693437642036,56.734693437642036,early,2699,2688,True,False,False
swd,D911-06_HU33_SC06,D911-06,Schubert_D911-06_HU33,Schubert_D911-06_SC06,28,29,112.521496599,110.550226757,110.4938775510204,-56.34920597960047,56.34920597960047,early,22160,22149,True,False,False
swd,D911-20_HU33_SC06,D911-20,Schubert_D911-20_HU33,Schubert_D911-20_SC06,51,51,136.271428571,133.182380952,133.23832199503627,55.941043036284555,55.941043036284555,late,26697,26708,True,False,False
swd,D911-24_HU33_SC06,D911-24,Schubert_D911-24_HU33,Schubert_D911-24_SC06,55,56,164.952176871,182.721088435,182.6654535151168,-55.63491988320379,55.63491988320379,early,36627,36616,True,False,False
swd,D911-17_HU33_SC06,D911-17,Schubert_D911-17_HU33,Schubert_D911-17_SC06,39,40,149.103356009,150.305124717,150.36049886614288,55.37414914286387,55.37414914286387,late,30129,30140,True,False,False
swd,D911-24_HU33_SC06,D911-24,Schubert_D911-24_HU33,Schubert_D911-24_SC06,12,13,30.720294785,41.565170068,41.620521542369616,55.35147436961552,55.35147436961552,late,8332,8343,True,False,False
swd,D911-06_HU33_SC06,D911-06,Schubert_D911-06_HU33,Schubert_D911-06_SC06,12,13,48.716077098,48.231814059,48.17730158779592,-54.512471204084534,54.512471204084534,early,9668,9657,True,False,False
swd,D911-02_HU33_SC06,D911-02,Schubert_D911-02_HU33,Schubert_D911-02_SC06,15,15,25.925079365,24.586099773,24.532743764053286,-53.35600894671444,53.35600894671444,early,4928,4918,True,False,False
swd,D911-24_HU33_SC06,D911-24,Schubert_D911-24_HU33,Schubert_D911-24_SC06,35,36,98.972222222,115.567437642,115.51462585011791,-52.81179188209251,52.81179188209251,early,23166,23155,True,False,False
swd,D911-20_HU33_SC06,D911-20,Schubert_D911-20_HU33,Schubert_D911-20_SC06,30,30,79.239954649,76.413560091,76.46625850387528,52.698412875287204,52.698412875287204,late,15317,15328,True,False,False
swd,D911-20_HU33_SC06,D911-20,Schubert_D911-20_HU33,Schubert_D911-20_SC06,18,18,46.622947846,45.01276644,45.064852608197285,52.08616819728462,52.08616819728462,late,9023,9033,True,False,False
swd,D911-17_HU33_SC06,D911-17,Schubert_D911-17_HU33,Schubert_D911-17_SC06,16,17,52.640702948,62.984331066,62.932482993428565,-51.84807257143831,51.84807257143831,early,12625,12615,True,False,False
swd,D911-17_HU33_SC06,D911-17,Schubert_D911-17_HU33,Schubert_D911-17_SC06,19,20,66.760816327,75.242154195,75.2938775510204,51.723356020403344,51.723356020403344,late,15083,15093,True,False,False
swd,D911-20_HU33_SC06,D911-20,Schubert_D911-20_HU33,Schubert_D911-20_SC06,70,70,189.825442177,183.571156463,183.51977324275967,-51.383220240325045,51.383220240325045,early,36798,36787,True,False,False
swd,D911-06_HU33_SC06,D911-06,Schubert_D911-06_HU33,Schubert_D911-06_SC06,19,20,76.384489796,74.801609977,74.85297052162359,51.36054462359141,51.36054462359141,late,14994,15005,True,False,False
swd,D911-20_HU33_SC06,D911-20,Schubert_D911-20_HU33,Schubert_D911-20_SC06,6,6,15.128662132,14.57877551,14.629795918848073,51.02040884807302,51.02040884807302,late,2922,2933,True,False,False
swd,D911-17_HU33_SC06,D911-17,Schubert_D911-17_HU33,Schubert_D911-17_SC06,2,3,5.95154195,8.680249433,8.730226757256236,49.977324256236244,49.977324256236244,late,1740,1750,False,False,False
swd,D911-20_HU33_SC06,D911-20,Schubert_D911-20_HU33,Schubert_D911-20_SC06,43,43,114.962358277,112.269637188,112.31927437784131,49.63718984130594,49.63718984130594,late,22505,22515,False,False,False
swd,D911-07_HU33_SC06,D911-07,Schubert_D911-07_HU33,Schubert_D911-07_SC06,19,20,45.833696145,50.608208617,50.65773242617914,49.523809179135014,49.523809179135014,late,10145,10155,False,False,False
swd,D911-22_HU33_SC06,D911-22,Schubert_D911-22_HU33,Schubert_D911-22_SC06,12,13,14.704172336,14.491587302,14.442176870748298,-49.41043125170097,49.41043125170097,early,2905,2895,False,False,False
swd,D911-20_HU33_SC06,D911-20,Schubert_D911-20_HU33,Schubert_D911-20_SC06,46,46,122.74877551,119.650022676,119.60092970501134,-49.09297098866716,49.09297098866716,early,23984,23975,False,False,False
swd,D911-20_HU33_SC06,D911-20,Schubert_D911-20_HU33,Schubert_D911-20_SC06,52,52,138.908662132,135.859274376,135.81070294832654,-48.57142767346545,48.57142767346545,early,27234,27224,False,False,False
swd,D911-22_HU33_SC06,D911-22,Schubert_D911-22_HU33,Schubert_D911-22_SC06,57,58,66.481632653,64.011020408,64.059410430839,48.39002283900129,48.39002283900129,late,12831,12841,False,False,False
swd,D911-17_HU33_SC06,D911-17,Schubert_D911-17_HU33,Schubert_D911-17_SC06,11,12,34.91952381,43.422040816,43.47009070342404,48.04988742404248,48.04988742404248,late,8704,8714,False,False,False
swd,D911-07_HU33_SC06,D911-07,Schubert_D911-07_HU33,Schubert_D911-07_SC06,12,13,28.522040816,31.976122449,32.02408163232653,47.9591833265296,47.9591833265296,late,6410,6419,False,False,False
swd,D911-20_HU33_SC06,D911-20,Schubert_D911-20_HU33,Schubert_D911-20_SC06,71,71,192.757188209,186.249886621,186.20208616818365,-47.800452816346706,47.800452816346706,early,37335,37325,False,False,False
swd,D911-24_HU33_SC06,D911-24,Schubert_D911-24_HU33,Schubert_D911-24_SC06,8,9,19.703219955,29.767641723,29.720453515090703,-47.18820790929712,47.18820790929712,early,5967,5958,False,False,False
swd,D911-20_HU33_SC06,D911-20,Schubert_D911-20_HU33,Schubert_D911-20_SC06,60,60,160.906825397,155.856870748,155.90319727908619,46.32653108618001,46.32653108618001,late,31242,31252,False,False,False
swd,D911-24_HU33_SC06,D911-24,Schubert_D911-24_HU33,Schubert_D911-24_SC06,19,20,50.498594104,63.457709751,63.50403628087075,46.326529870746924,46.326529870746924,late,12720,12730,False,False,False
swd,D911-22_HU33_SC06,D911-22,Schubert_D911-22_HU33,Schubert_D911-22_SC06,16,17,19.71755102,19.045011338,18.999183673061225,-45.82766493877344,45.82766493877344,early,3818,3808,False,False,False
swd,D911-07_HU33_SC06,D911-07,Schubert_D911-07_HU33,Schubert_D911-07_SC06,52,53,128.689931973,136.572879819,136.5271201816168,-45.7596373832132,45.7596373832132,early,27377,27367,False,False,False
swd,D911-20_HU33_SC06,D911-20,Schubert_D911-20_HU33,Schubert_D911-20_SC06,54,54,144.202063492,140.765283447,140.71997732419956,-45.30612280044011,45.30612280044011,early,28217,28208,False,False,False
swd,D911-07_HU33_SC06,D911-07,Schubert_D911-07_HU33,Schubert_D911-07_SC06,66,67,160.633424036,170.236848073,170.19170067999093,-45.14739300907422,45.14739300907422,early,34125,34116,False,False,False
swd,D911-24_HU33_SC06,D911-24,Schubert_D911-24_HU33,Schubert_D911-24_SC06,17,18,44.89047619,56.883764172,56.92811791335601,44.35374135601222,44.35374135601222,late,11403,11411,False,False,False
swd,D911-17_HU33_SC06,D911-17,Schubert_D911-17_HU33,Schubert_D911-17_SC06,30,31,113.708027211,115.444920635,115.48897959195239,44.05895695238371,44.05895695238371,late,23141,23150,False,False,False
swd,D911-20_HU33_SC06,D911-20,Schubert_D911-20_HU33,Schubert_D911-20_SC06,26,26,68.15521542,65.85446712,65.81054421818594,-43.92290181405656,43.92290181405656,early,13201,13192,False,False,False
swd,D911-06_HU33_SC06,D911-06,Schubert_D911-06_HU33,Schubert_D911-06_SC06,9,10,34.468117914,36.006598639,36.04952380969161,42.9251706916034,42.9251706916034,late,7218,7226,False,False,False
swd,D911-17_HU33_SC06,D911-17,Schubert_D911-17_HU33,Schubert_D911-17_SC06,47,48,184.577664399,182.13521542,182.17811791373924,42.90249373923416,42.90249373923416,late,36510,36518,False,False,False
swd,D911-02_HU33_SC06,D911-02,Schubert_D911-02_HU33,Schubert_D911-02_SC06,19,19,32.600816327,31.455306122,31.41346938845918,-41.83673354081918,41.83673354081918,early,6305,6297,False,False,False
swd,D911-18_HU33_SC06,D911-18,Schubert_D911-18_HU33,Schubert_D911-18_SC06,4,5,8.751020408,9.508435374,9.54965986370068,41.22448970068149,41.22448970068149,late,1906,1914,False,False,False
swd,D911-17_HU33_SC06,D911-17,Schubert_D911-17_HU33,Schubert_D911-17_SC06,44,45,172.014036281,170.019773243,169.97866213134012,-41.111111659887456,41.111111659887456,early,34081,34073,False,False,False
swd,D911-02_HU33_SC06,D911-02,Schubert_D911-02_HU33,Schubert_D911-02_SC06,41,41,77.245714286,76.367346939,76.40825396868253,40.90702968252913,40.90702968252913,late,15308,15316,False,False,False
swd,D911-18_HU33_SC06,D911-18,Schubert_D911-18_HU33,Schubert_D911-18_SC06,8,9,17.152789116,18.435759637,18.3949659867483,-40.79365025170034,40.79365025170034,early,3696,3687,False,False,False
swd,D911-20_HU33_SC06,D911-20,Schubert_D911-20_HU33,Schubert_D911-20_SC06,17,17,43.889727891,42.51324263,42.47294784564853,-40.29478435147382,40.29478435147382,early,8522,8514,False,False,False
swd,D911-20_HU33_SC06,D911-20,Schubert_D911-20_HU33,Schubert_D911-20_SC06,2,2,3.884263039,3.918571429,3.8783219961417235,-40.249432858276535,40.249432858276535,early,785,777,False,False,False
swd,D911-22_HU33_SC06,D911-22,Schubert_D911-22_HU33,Schubert_D911-22_SC06,59,60,68.476235828,66.117505669,66.07727891290703,-40.226756092963,40.226756092963,early,13254,13245,False,False,False
swd,D911-02_HU33_SC06,D911-02,Schubert_D911-02_HU33,Schubert_D911-02_SC06,36,36,65.190385488,63.419501134,63.379501134258504,-39.999999741496595,39.999999741496595,early,12713,12705,False,False,False
swd,D911-20_HU33_SC06,D911-20,Schubert_D911-20_HU33,Schubert_D911-20_SC06,80,80,221.889886621,214.626938776,214.5873015873016,-39.637188698407044,39.637188698407044,early,43023,43015,False,False,False
swd,D911-06_HU33_SC06,D911-06,Schubert_D911-06_HU33,Schubert_D911-06_SC06,33,34,132.160929705,130.318526077,130.27891156462584,-39.614512374157584,39.614512374157584,early,26123,26115,False,False,False
swd,D911-06_HU33_SC06,D911-06,Schubert_D911-06_HU33,Schubert_D911-06_SC06,40,41,164.297573696,157.304126984,157.34337868466216,39.2517006621631,39.2517006621631,late,31532,31540,False,False,False
swd,D911-06_HU33_SC06,D911-06,Schubert_D911-06_HU33,Schubert_D911-06_SC06,38,39,153.72430839,148.834580499,148.79551020405896,-39.070294941041084,39.070294941041084,early,29835,29827,False,False,False
swd,D911-17_HU33_SC06,D911-17,Schubert_D911-17_HU33,Schubert_D911-17_SC06,14,15,45.5130839,54.995578231,54.956621314965986,-38.9569160340173,38.9569160340173,early,11024,11016,False,False,False
swd,D911-22_HU33_SC06,D911-22,Schubert_D911-22_HU33,Schubert_D911-22_SC06,0,1,0.375510204,0.693287982,0.6544217685034015,-38.86621349659847,38.86621349659847,early,139,131,False,False,False
swd,D911-02_HU33_SC06,D911-02,Schubert_D911-02_HU33,Schubert_D911-02_SC06,42,42,79.080090703,78.230975057,78.19210884358957,-38.866213410429395,38.866213410429395,early,15682,15674,False,False,False
swd,D911-07_HU33_SC06,D911-07,Schubert_D911-07_HU33,Schubert_D911-07_SC06,28,29,68.263197279,74.025487528,73.98684807256235,-38.639455437646575,38.639455437646575,early,14839,14831,False,False,False
swd,D911-06_HU33_SC06,D911-06,Schubert_D911-06_HU33,Schubert_D911-06_SC06,16,17,64.99446712,63.878435374,63.91691609959183,38.4807255918318,38.4807255918318,late,12805,12812,False,False,False
swd,D911-20_HU33_SC06,D911-20,Schubert_D911-20_HU33,Schubert_D911-20_SC06,14,14,35.979274376,34.588979592,34.62734693835827,38.36734635827099,38.36734635827099,late,6934,6941,False,False,False
swd,D911-24_HU33_SC06,D911-24,Schubert_D911-24_HU33,Schubert_D911-24_SC06,45,46,131.627165533,147.617687075,147.65573696157145,38.04988657145714,38.04988657145714,late,29591,29598,False,False,False
swd,D911-07_HU33_SC06,D911-07,Schubert_D911-07_HU33,Schubert_D911-07_SC06,36,37,89.690816327,94.15755102,94.1955782317619,38.02721176190005,38.02721176190005,late,18874,18882,False,False,False
swd,D911-18_HU33_SC06,D911-18,Schubert_D911-18_HU33,Schubert_D911-18_SC06,12,13,27.375442177,27.69675737,27.73462585046939,37.86848046938829,37.86848046938829,late,5552,5560,False,False,False
swd,D911-02_HU33_SC06,D911-02,Schubert_D911-02_HU33,Schubert_D911-02_SC06,6,6,8.955102041,9.226870748,9.264399093154195,37.52834515419501,37.52834515419501,late,1850,1857,False,False,False
swd,D911-07_HU33_SC06,D911-07,Schubert_D911-07_HU33,Schubert_D911-07_SC06,48,49,120.342018141,127.946893424,127.90981859451473,-37.074829485263194,37.074829485263194,early,25648,25640,False,False,False
swd,D911-24_HU33_SC06,D911-24,Schubert_D911-24_HU33,Schubert_D911-24_SC06,0,1,0.525351474,0.977346939,1.014240362888889,36.89342388888895,36.89342388888895,late,196,203,False,False,False
swd,D911-18_HU33_SC06,D911-18,Schubert_D911-18_HU33,Schubert_D911-18_SC06,18,19,40.969546485,40.696938776,40.6602494328458,-36.689343154201026,36.689343154201026,early,8158,8151,False,False,False
swd,D911-07_HU33_SC06,D911-07,Schubert_D911-07_HU33,Schubert_D911-07_SC06,20,21,48.5830839,53.333741497,53.297369614285714,-36.37188271428471,36.37188271428471,early,10691,10684,False,False,False
swd,D911-22_HU33_SC06,D911-22,Schubert_D911-22_HU33,Schubert_D911-22_SC06,50,51,58.886848073,56.620544218,56.656916100210886,36.3718822108865,36.3718822108865,late,11350,11357,False,False,False
swd,D911-20_HU33_SC06,D911-20,Schubert_D911-20_HU33,Schubert_D911-20_SC06,61,61,163.654240363,158.364965986,158.40117913851023,36.21315251024271,36.21315251024271,late,31745,31752,False,False,False
swd,D911-02_HU33_SC06,D911-02,Schubert_D911-02_HU33,Schubert_D911-02_SC06,12,12,21.004081633,19.731156463,19.695464853128115,-35.69160987188624,35.69160987188624,early,3955,3948,False,False,False
swd,D911-22_HU33_SC06,D911-22,Schubert_D911-22_HU33,Schubert_D911-22_SC06,51,52,60.025147392,57.694897959,57.73036281150114,35.464852501135624,35.464852501135624,late,11565,11572,False,False,False
swd,D911-02_HU33_SC06,D911-02,Schubert_D911-02_HU33,Schubert_D911-02_SC06,28,28,50.244013605,48.508480726,48.473038548310655,-35.44217768934743,35.44217768934743,early,9724,9717,False,False,False
swd,D911-24_HU33_SC06,D911-24,Schubert_D911-24_HU33,Schubert_D911-24_SC06,36,37,102.459092971,118.567120181,118.60240362859638,35.283447596370365,35.283447596370365,late,23767,23774,False,False,False
swd,D911-20_HU33_SC06,D911-20,Schubert_D911-20_HU33,Schubert_D911-20_SC06,65,65,174.870907029,168.505056689,168.54029478410203,35.23809510201659,35.23809510201659,late,33778,33785,False,False,False
swd,D911-20_HU33_SC06,D911-20,Schubert_D911-20_HU33,Schubert_D911-20_SC06,15,15,38.535283447,37.442857143,37.407845805276644,-35.011337723354075,35.011337723354075,early,7506,7499,False,False,False
swd,D911-22_HU33_SC06,D911-22,Schubert_D911-22_HU33,Schubert_D911-22_SC06,32,33,38.987755102,37.261473923,37.2267573695737,-34.71655342629987,34.71655342629987,early,7469,7462,False,False,False
swd,D911-20_HU33_SC06,D911-20,Schubert_D911-20_HU33,Schubert_D911-20_SC06,27,27,70.819115646,68.350045351,68.38464852581859,34.6031748185851,34.6031748185851,late,13701,13708,False,False,False
swd,D911-22_HU33_SC06,D911-22,Schubert_D911-22_HU33,Schubert_D911-22_SC06,38,39,45.70031746,43.793922902,43.75972789083901,-34.195011160989,34.195011160989,early,8779,8772,False,False,False
swd,D911-02_HU33_SC06,D911-02,Schubert_D911-02_HU33,Schubert_D911-02_SC06,27,27,46.42829932,45.324988662,45.290884354013606,-34.10430798639652,34.10430798639652,early,9086,9079,False,False,False
swd,D911-20_HU33_SC06,D911-20,Schubert_D911-20_HU33,Schubert_D911-20_SC06,35,35,93.009319728,89.85170068,89.81798185973696,-33.71882026303297,33.71882026303297,early,18011,18004,False,False,False
swd,D911-17_HU33_SC06,D911-17,Schubert_D911-17_HU33,Schubert_D911-17_SC06,32,33,120.679954649,123.10755102,123.07451247212926,-33.03854787074556,33.03854787074556,early,24677,24671,False,False,False
swd,D911-02_HU33_SC06,D911-02,Schubert_D911-02_HU33,Schubert_D911-02_SC06,33,33,60.128072562,58.329342404,58.36235827664399,33.0158726439862,33.0158726439862,late,11692,11699,False,False,False
swd,D911-20_HU33_SC06,D911-20,Schubert_D911-20_HU33,Schubert_D911-20_SC06,5,5,12.311043084,11.63952381,11.672494331165533,32.97052116553267,32.97052116553267,late,2333,2340,False,False,False
swd,D911-07_HU33_SC06,D911-07,Schubert_D911-07_HU33,Schubert_D911-07_SC06,51,52,126.615147392,134.468276644,134.50117913788662,32.90249388660982,32.90249388660982,late,26955,26961,False,False,False
swd,D911-07_HU33_SC06,D911-07,Schubert_D911-07_HU33,Schubert_D911-07_SC06,42,43,104.359047619,111.365646259,111.39804988657369,32.40362757368587,32.40362757368587,late,22324,22330,False,False,False
swd,D911-07_HU33_SC06,D911-07,Schubert_D911-07_HU33,Schubert_D911-07_SC06,15,16,35.749115646,39.627301587,39.59537414940136,-31.927437598639585,31.927437598639585,early,7943,7937,False,False,False
swd,D911-20_HU33_SC06,D911-20,Schubert_D911-20_HU33,Schubert_D911-20_SC06,31,31,81.912698413,79.017505669,79.04920634950794,31.700680507938728,31.700680507938728,late,15839,15846,False,False,False
swd,D911-06_HU33_SC06,D911-06,Schubert_D911-06_HU33,Schubert_D911-06_SC06,3,4,11.299002268,13.824852608,13.793333333759637,-31.51927424036316,31.51927424036316,early,2771,2765,False,False,False
swd,D911-07_HU33_SC06,D911-07,Schubert_D911-07_HU33,Schubert_D911-07_SC06,54,55,133.328390023,141.463333333,141.49482993229705,31.49659929704285,31.49659929704285,late,28357,28363,False,False,False
swd,D911-24_HU33_SC06,D911-24,Schubert_D911-24_HU33,Schubert_D911-24_SC06,7,8,17.051768707,25.86537415,25.896666666183677,31.2925161836759,31.2925161836759,late,5185,5191,False,False,False
swd,D911-06_HU33_SC06,D911-06,Schubert_D911-06_HU33,Schubert_D911-06_SC06,29,30,116.311428571,114.746190476,114.71505668891382,-31.133787086176312,31.133787086176312,early,23001,22995,False,False,False
swd,D911-20_HU33_SC06,D911-20,Schubert_D911-20_HU33,Schubert_D911-20_SC06,12,12,30.928548753,29.557210884,29.526156462833335,-31.054421166665236,31.054421166665236,early,5925,5919,False,False,False
swd,D911-24_HU33_SC06,D911-24,Schubert_D911-24_HU33,Schubert_D911-24_SC06,50,51,147.138004535,164.432698413,164.46362811776643,30.92970476643586,30.92970476643586,late,32961,32967,False,False,False
swd,D911-06_HU33_SC06,D911-06,Schubert_D911-06_HU33,Schubert_D911-06_SC06,36,37,144.043900227,141.319229025,141.3500226759796,30.793650979603626,30.793650979603626,late,28328,28334,False,False,False
swd,D911-20_HU33_SC06,D911-20,Schubert_D911-20_HU33,Schubert_D911-20_SC06,50,50,133.445102041,130.557188209,130.52673469406125,-30.453514938756143,30.453514938756143,early,26171,26165,False,False,False
swd,D911-22_HU33_SC06,D911-22,Schubert_D911-22_HU33,Schubert_D911-22_SC06,29,30,34.876439909,33.929070295,33.898662131222224,-30.40816377777844,30.40816377777844,early,6801,6795,False,False,False
swd,D911-20_HU33_SC06,D911-20,Schubert_D911-20_HU33,Schubert_D911-20_SC06,19,19,49.615941043,47.684852608,47.715260770891156,30.40816289115611,30.40816289115611,late,9559,9565,False,False,False
swd,D911-20_HU33_SC06,D911-20,Schubert_D911-20_HU33,Schubert_D911-20_SC06,23,23,60.226734694,58.116235828,58.14646258515646,30.226757156462725,30.226757156462725,late,11650,11656,False,False,False
swd,D911-24_HU33_SC06,D911-24,Schubert_D911-24_HU33,Schubert_D911-24_SC06,49,50,144.194580499,160.832857143,160.80298185961112,-29.875283388889784,29.875283388889784,early,32240,32234,False,False,False
swd,D911-22_HU33_SC06,D911-22,Schubert_D911-22_HU33,Schubert_D911-22_SC06,33,34,40.220521542,38.34,38.36972789120635,29.727891206349,29.727891206349,late,7685,7691,False,False,False
swd,D911-22_HU33_SC06,D911-22,Schubert_D911-22_HU33,Schubert_D911-22_SC06,45,46,53.501836735,51.262312925,51.29185941073696,29.54648573695806,29.54648573695806,late,10276,10282,False,False,False
swd,D911-07_HU33_SC06,D911-07,Schubert_D911-07_HU33,Schubert_D911-07_SC06,72,73,174.191927438,184.30739229,184.33668934312016,29.2970531201604,29.2970531201604,late,36945,36951,False,False,False
swd,D911-24_HU33_SC06,D911-24,Schubert_D911-24_HU33,Schubert_D911-24_SC06,21,22,56.4838322,69.789274376,69.81852607755103,29.25170155103274,29.25170155103274,late,13990,13995,False,False,False
swd,D911-22_HU33_SC06,D911-22,Schubert_D911-22_HU33,Schubert_D911-22_SC06,7,8,9.093877551,8.705623583,8.734693877530614,29.07029453061405,29.07029453061405,late,1745,1751,False,False,False
swd,D911-17_HU33_SC06,D911-17,Schubert_D911-17_HU33,Schubert_D911-17_SC06,31,32,117.044943311,119.248866213,119.2200000003424,-28.86621265760425,28.86621265760425,early,23904,23898,False,False,False
swd,D911-20_HU33_SC06,D911-20,Schubert_D911-20_HU33,Schubert_D911-20_SC06,11,11,28.328344671,27.051247166,27.02267573665873,-28.57142934126955,28.57142934126955,early,5423,5417,False,False,False
swd,D911-20_HU33_SC06,D911-20,Schubert_D911-20_HU33,Schubert_D911-20_SC06,82,82,228.670113379,221.888412698,221.86022675831512,-28.185939684874484,28.185939684874484,early,44479,44473,False,False,False
swd,D911-02_HU33_SC06,D911-02,Schubert_D911-02_HU33,Schubert_D911-02_SC06,11,11,19.265306122,18.140589569,18.168707482993195,28.117913993195742,28.117913993195742,late,3636,3642,False,False,False
swd,D911-06_HU33_SC06,D911-06,Schubert_D911-06_HU33,Schubert_D911-06_SC06,5,6,18.463741497,21.026099773,20.99798185981179,-28.117913188207666,28.117913188207666,early,4215,4209,False,False,False
swd,D911-07_HU33_SC06,D911-07,Schubert_D911-07_HU33,Schubert_D911-07_SC06,24,25,58.420702948,64.009931973,64.03793650809071,28.004535090715876,28.004535090715876,late,12831,12837,False,False,False
swd,D911-20_HU33_SC06,D911-20,Schubert_D911-20_HU33,Schubert_D911-20_SC06,38,38,101.01755102,97.688117914,97.66018140548753,-27.936508512468095,27.936508512468095,early,19582,19576,False,False,False
swd,D911-22_HU33_SC06,D911-22,Schubert_D911-22_HU33,Schubert_D911-22_SC06,37,38,44.576099773,42.738049887,42.7103401358118,-27.709751188204734,27.709751188204734,early,8567,8561,False,False,False
swd,D911-22_HU33_SC06,D911-22,Schubert_D911-22_HU33,Schubert_D911-22_SC06,43,44,51.237732426,49.135238095,49.10757369584127,-27.664399158730646,27.664399158730646,early,9849,9844,False,False,False
swd,D911-06_HU33_SC06,D911-06,Schubert_D911-06_HU33,Schubert_D911-06_SC06,46,47,188.155011338,179.811678005,179.78403628131065,-27.641723689356468,27.641723689356468,early,36044,36039,False,False,False
swd,D911-22_HU33_SC06,D911-22,Schubert_D911-22_HU33,Schubert_D911-22_SC06,2,3,2.866507937,3.003560091,3.0311337873401363,27.573696340136067,27.573696340136067,late,602,608,False,False,False
swd,D911-06_HU33_SC06,D911-06,Schubert_D911-06_HU33,Schubert_D911-06_SC06,27,28,109.097210884,106.04170068,106.0690929701678,27.392290167796318,27.392290167796318,late,21257,21262,False,False,False
swd,D911-06_HU33_SC06,D911-06,Schubert_D911-06_HU33,Schubert_D911-06_SC06,14,15,58.0769161,55.595464853,55.622494331292515,27.02947829251201,27.02947829251201,late,11144,11150,False,False,False
swd,D911-07_HU33_SC06,D911-07,Schubert_D911-07_HU33,Schubert_D911-07_SC06,34,35,84.573219955,89.115192744,89.08817460370182,-27.018140298181947,27.018140298181947,early,17864,17858,False,False,False
swd,D911-20_HU33_SC06,D911-20,Schubert_D911-20_HU33,Schubert_D911-20_SC06,59,59,158.197709751,153.435555556,153.4085941047415,-26.9614512585008,26.9614512585008,early,30757,30751,False,False,False
swd,D911-07_HU33_SC06,D911-07,Schubert_D911-07_HU33,Schubert_D911-07_SC06,2,3,5.051337868,5.687868481,5.714829931492064,26.96145049206411,26.96145049206411,late,1140,1146,False,False,False
swd,D911-20_HU33_SC06,D911-20,Schubert_D911-20_HU33,Schubert_D911-20_SC06,75,75,204.283560091,196.992040816,196.96519274406123,-26.84807193878669,26.84807193878669,early,39488,39483,False,False,False
swd,D911-22_HU33_SC06,D911-22,Schubert_D911-22_HU33,Schubert_D911-22_SC06,63,64,73.214489796,70.632244898,70.60541950121541,-26.82539678458795,26.82539678458795,early,14159,14153,False,False,False
swd,D911-20_HU33_SC06,D911-20,Schubert_D911-20_HU33,Schubert_D911-20_SC06,22,22,57.585056689,55.612653061,55.63947845770748,26.825396707479854,26.825396707479854,late,11148,11153,False,False,False
swd,D911-07_HU33_SC06,D911-07,Schubert_D911-07_HU33,Schubert_D911-07_SC06,29,30,71.062063492,76.49138322,76.46478458043536,-26.59863956463937,26.59863956463937,early,15333,15328,False,False,False
swd,D911-22_HU33_SC06,D911-22,Schubert_D911-22_HU33,Schubert_D911-22_SC06,5,6,6.481496599,6.489863946,6.5164172339206345,26.553287920634716,26.553287920634716,late,1301,1306,False,False,False
swd,D911-22_HU33_SC06,D911-22,Schubert_D911-22_HU33,Schubert_D911-22_SC06,6,7,7.851020408,7.740793651,7.76734693877551,26.553287775509915,26.553287775509915,late,1552,1557,False,False,False
swd,D911-17_HU33_SC06,D911-17,Schubert_D911-17_HU33,Schubert_D911-17_SC06,33,34,124.044376417,126.841564626,126.86795918343991,26.39455743991448,26.39455743991448,late,25426,25431,False,False,False
swd,D911-07_HU33_SC06,D911-07,Schubert_D911-07_HU33,Schubert_D911-07_SC06,9,10,21.329569161,24.133718821,24.160090702947844,26.371881947845566,26.371881947845566,late,4838,4843,False,False,False
swd,D911-06_HU33_SC06,D911-06,Schubert_D911-06_HU33,Schubert_D911-06_SC06,50,51,204.813469388,196.141904762,196.1681179140771,26.21315207710495,26.21315207710495,late,39318,39323,False,False,False
swd,D911-20_HU33_SC06,D911-20,Schubert_D911-20_HU33,Schubert_D911-20_SC06,8,8,20.537823129,19.618639456,19.64485260745805,26.213151458048145,26.213151458048145,late,3933,3938,False,False,False
swd,D911-06_HU33_SC06,D911-06,Schubert_D911-06_HU33,Schubert_D911-06_SC06,26,27,103.935714286,102.009342404,101.98321995464852,-26.122449351476007,26.122449351476007,early,20448,20443,False,False,False
swd,D911-02_HU33_SC06,D911-02,Schubert_D911-02_HU33,Schubert_D911-02_SC06,29,29,53.007664399,51.534897959,51.56095238085941,26.054421859413424,26.054421859413424,late,10330,10336,False,False,False
swd,D911-02_HU33_SC06,D911-02,Schubert_D911-02_HU33,Schubert_D911-02_SC06,31,31,56.630408163,54.878390023,54.90433106549433,25.941042494331157,25.941042494331157,late,11001,11006,False,False,False
swd,D911-07_HU33_SC06,D911-07,Schubert_D911-07_HU33,Schubert_D911-07_SC06,0,1,0.311315193,0.713424036,0.6874829937097505,-25.941042290249516,25.941042290249516,early,143,138,False,False,False
swd,D911-20_HU33_SC06,D911-20,Schubert_D911-20_HU33,Schubert_D911-20_SC06,53,53,141.551950113,138.320249433,138.29435374111793,-25.89569188205587,25.89569188205587,early,27727,27722,False,False,False
swd,D911-24_HU33_SC06,D911-24,Schubert_D911-24_HU33,Schubert_D911-24_SC06,27,28,74.538367347,89.20015873,89.17426303870182,-25.895691298174484,25.895691298174484,early,17881,17875,False,False,False
swd,D911-22_HU33_SC06,D911-22,Schubert_D911-22_HU33,Schubert_D911-22_SC06,1,2,1.67553288,1.913061224,1.887222222494331,-25.83900150566909,25.83900150566909,early,383,378,False,False,False
swd,D911-20_HU33_SC06,D911-20,Schubert_D911-20_HU33,Schubert_D911-20_SC06,62,62,166.490340136,160.94707483,160.97287981853967,25.804988539675833,25.804988539675833,late,32263,32268,False,False,False
swd,D911-02_HU33_SC06,D911-02,Schubert_D911-02_HU33,Schubert_D911-02_SC06,2,2,2.310204082,2.57031746,2.5446712021814055,-25.64625781859453,25.64625781859453,early,515,510,False,False,False
swd,D911-20_HU33_SC06,D911-20,Schubert_D911-20_HU33,Schubert_D911-20_SC06,20,20,52.156054422,50.160090703,50.185532880049884,25.442177049882275,25.442177049882275,late,10055,10060,False,False,False
swd,D911-24_HU33_SC06,D911-24,Schubert_D911-24_HU33,Schubert_D911-24_SC06,13,14,33.584761905,44.474671202,44.499954648764174,25.283446764170492,25.283446764170492,late,8915,8920,False,False,False
swd,D911-18_HU33_SC06,D911-18,Schubert_D911-18_HU33,Schubert_D911-18_SC06,0,1,0.213560091,0.642811791,0.667528344968254,24.716553968254008,24.716553968254008,late,129,134,False,False,False
swd,D911-07_HU33_SC06,D911-07,Schubert_D911-07_HU33,Schubert_D911-07_SC06,46,47,115.571088435,122.998843537,122.9742630381746,-24.58049882540081,24.58049882540081,early,24656,24651,False,False,False
swd,D911-22_HU33_SC06,D911-22,Schubert_D911-22_HU33,Schubert_D911-22_SC06,19,20,23.072947846,22.584739229,22.609002267768712,24.263038768712164,24.263038768712164,late,4527,4532,False,False,False
swd,D911-07_HU33_SC06,D911-07,Schubert_D911-07_HU33,Schubert_D911-07_SC06,1,2,2.783424036,3.158253968,3.182517006521542,24.26303852154188,24.26303852154188,late,633,638,False,False,False
swd,D911-18_HU33_SC06,D911-18,Schubert_D911-18_HU33,Schubert_D911-18_SC06,13,14,29.747641723,29.9130839,29.937210883997732,24.126983997732054,24.126983997732054,late,5996,6001,False,False,False
swd,D911-17_HU33_SC06,D911-17,Schubert_D911-17_HU33,Schubert_D911-17_SC06,18,19,61.881133787,71.694807256,71.71877551035601,23.96825435600647,23.96825435600647,late,14372,14376,False,False,False
swd,D911-24_HU33_SC06,D911-24,Schubert_D911-24_HU33,Schubert_D911-24_SC06,6,7,14.576439909,22.556961451,22.533356008773243,-23.605442226756423,23.605442226756423,early,4522,4517,False,False,False
swd,D911-20_HU33_SC06,D911-20,Schubert_D911-20_HU33,Schubert_D911-20_SC06,57,57,152.381428571,148.181882086,148.15827664399092,-23.60544200908521,23.60544200908521,early,29704,29699,False,False,False
swd,D911-06_HU33_SC06,D911-06,Schubert_D911-06_HU33,Schubert_D911-06_SC06,1,2,3.774489796,5.55893424,5.535487528426303,-23.44671157369671,23.44671157369671,early,1114,1110,False,False,False
swd,D911-22_HU33_SC06,D911-22,Schubert_D911-22_HU33,Schubert_D911-22_SC06,26,27,31.559501134,30.529727891,30.506893424249434,-22.834466750566662,22.834466750566662,early,6120,6115,False,False,False
swd,D911-24_HU33_SC06,D911-24,Schubert_D911-24_HU33,Schubert_D911-24_SC06,25,26,68.53138322,82.856394558,82.83387755106575,-22.51700693425107,22.51700693425107,early,16609,16604,False,False,False
swd,D911-22_HU33_SC06,D911-22,Schubert_D911-22_HU33,Schubert_D911-22_SC06,15,16,18.663287982,17.907482993,17.929954648666666,22.47165566666709,22.47165566666709,late,3590,3594,False,False,False
swd,D911-07_HU33_SC06,D911-07,Schubert_D911-07_HU33,Schubert_D911-07_SC06,55,56,135.482857143,143.751428571,143.72911564640134,-22.312924598651307,22.312924598651307,early,28816,28811,False,False,False
swd,D911-20_HU33_SC06,D911-20,Schubert_D911-20_HU33,Schubert_D911-20_SC06,55,55,146.79430839,143.170408163,143.1924943310431,22.086168043102816,22.086168043102816,late,28699,28704,False,False,False
swd,D911-07_HU33_SC06,D911-07,Schubert_D911-07_HU33,Schubert_D911-07_SC06,4,5,9.737278912,10.92292517,10.901541950984129,-21.38321901587048,21.38321901587048,early,2190,2185,False,False,False
swd,D911-07_HU33_SC06,D911-07,Schubert_D911-07_HU33,Schubert_D911-07_SC06,45,46,112.359727891,120.105873016,120.12707482977552,21.20181377551944,21.20181377551944,late,24076,24080,False,False,False
swd,D911-18_HU33_SC06,D911-18,Schubert_D911-18_HU33,Schubert_D911-18_SC06,16,17,36.62185941,36.506122449,36.526984126984125,20.861677984122196,20.861677984122196,late,7318,7322,False,False,False
swd,D911-06_HU33_SC06,D911-06,Schubert_D911-06_HU33,Schubert_D911-06_SC06,48,49,196.806031746,188.281043084,188.26045351470748,-20.58956929252531,20.58956929252531,early,37742,37738,False,False,False
swd,D911-17_HU33_SC06,D911-17,Schubert_D911-17_HU33,Schubert_D911-17_SC06,29,30,110.136553288,111.597596372,111.61818594106123,20.58956906122944,20.58956906122944,late,22370,22374,False,False,False
swd,D911-06_HU33_SC06,D911-06,Schubert_D911-06_HU33,Schubert_D911-06_SC06,10,11,38.995827664,40.023537415,40.04399092970522,20.453514705216946,20.453514705216946,late,8023,8027,False,False,False
swd,D911-17_HU33_SC06,D911-17,Schubert_D911-17_HU33,Schubert_D911-17_SC06,28,29,107.002789116,107.710589569,107.69024943310657,-20.340135893434308,20.340135893434308,early,21591,21587,False,False,False
swd,D911-06_HU33_SC06,D911-06,Schubert_D911-06_HU33,Schubert_D911-06_SC06,30,31,120.312562358,118.740770975,118.7610884350975,20.317460097501794,20.317460097501794,late,23802,23806,False,False,False
swd,D911-22_HU33_SC06,D911-22,Schubert_D911-22_HU33,Schubert_D911-22_SC06,36,37,43.485079365,41.648956916,41.66920634912698,20.24943312697758,20.24943312697758,late,8349,8353,False,False,False
swd,D911-22_HU33_SC06,D911-22,Schubert_D911-22_HU33,Schubert_D911-22_SC06,10,11,12.298480726,12.078707483,12.098934240739228,20.226757739226997,20.226757739226997,late,2421,2425,False,False,False
swd,D911-02_HU33_SC06,D911-02,Schubert_D911-02_HU33,Schubert_D911-02_SC06,3,3,3.902040816,3.946780045,3.96689342370975,20.11337870975005,20.11337870975005,late,791,795,False,False,False
swd,D911-24_HU33_SC06,D911-24,Schubert_D911-24_HU33,Schubert_D911-24_SC06,39,40,112.217936508,127.952176871,127.97213151933786,19.954648337858316,19.954648337858316,late,25649,25653,False,False,False
swd,D911-20_HU33_SC06,D911-20,Schubert_D911-20_HU33,Schubert_D911-20_SC06,36,36,95.450657596,92.312380952,92.2928344667483,-19.54648525169489,19.54648525169489,early,18504,18501,False,False,False
swd,D911-20_HU33_SC06,D911-20,Schubert_D911-20_HU33,Schubert_D911-20_SC06,37,37,98.186122449,95.107641723,95.08816326532653,-19.478457673471894,19.478457673471894,early,19065,19061,False,False,False
swd,D911-24_HU33_SC06,D911-24,Schubert_D911-24_HU33,Schubert_D911-24_SC06,1,2,2.665079365,5.390702948,5.409977324104308,19.274376104307933,19.274376104307933,late,1081,1084,False,False,False
swd,D911-06_HU33_SC06,D911-06,Schubert_D911-06_HU33,Schubert_D911-06_SC06,42,43,173.424603175,165.197596372,165.17834467159864,-19.251700401355265,19.251700401355265,early,33115,33111,False,False,False
swd,D911-07_HU33_SC06,D911-07,Schubert_D911-07_HU33,Schubert_D911-07_SC06,8,9,18.958412698,21.438503401,21.457732425891155,19.229024891156854,19.229024891156854,late,4297,4301,False,False,False
swd,D911-06_HU33_SC06,D911-06,Schubert_D911-06_HU33,Schubert_D911-06_SC06,11,12,43.669455782,43.977936508,43.95879818562812,-19.13832237188018,19.13832237188018,early,8816,8812,False,False,False
swd,D911-06_HU33_SC06,D911-06,Schubert_D911-06_HU33,Schubert_D911-06_SC06,13,14,54.876938776,52.072358277,52.05335600956009,-19.00226743990885,19.00226743990885,early,10438,10434,False,False,False
swd,D911-17_HU33_SC06,D911-17,Schubert_D911-17_HU33,Schubert_D911-17_SC06,4,5,11.611587302,16.838730159,16.819750567306123,-18.97959169387775,18.97959169387775,early,3375,3372,False,False,False
swd,D911-07_HU33_SC06,D911-07,Schubert_D911-07_HU33,Schubert_D911-07_SC06,11,12,26.160884354,29.339795918,29.358616780303855,18.820862303854824,18.820862303854824,late,5881,5885,False,False,False
swd,D911-06_HU33_SC06,D911-06,Schubert_D911-06_HU33,Schubert_D911-06_SC06,2,3,7.134489796,9.602743764,9.583922902575964,-18.82086142403594,18.82086142403594,early,1925,1921,False,False,False
swd,D911-24_HU33_SC06,D911-24,Schubert_D911-24_HU33,Schubert_D911-24_SC06,37,38,105.375396825,121.462517007,121.44387755062357,-18.639456376433827,18.639456376433827,early,24348,24344,False,False,False
swd,D911-20_HU33_SC06,D911-20,Schubert_D911-20_HU33,Schubert_D911-20_SC06,21,21,54.77260771,52.688888889,52.6702947845805,-18.594104419499047,18.594104419499047,early,10562,10558,False,False,False
swd,D911-20_HU33_SC06,D911-20,Schubert_D911-20_HU33,Schubert_D911-20_SC06,3,3,6.593628118,6.360725624,6.379115646344672,18.39002234467202,18.39002234467202,late,1275,1279,False,False,False
swd,D911-22_HU33_SC06,D911-22,Schubert_D911-22_HU33,Schubert_D911-22_SC06,44,45,52.376575964,50.194920635,50.176575963999994,-18.34467100000836,18.34467100000836,early,10062,10058,False,False,False
swd,D911-22_HU33_SC06,D911-22,Schubert_D911-22_HU33,Schubert_D911-22_SC06,54,55,63.146802721,60.899795918,60.881632653061224,-18.163264938777957,18.163264938777957,early,12208,12204,False,False,False
swd,D911-02_HU33_SC06,D911-02,Schubert_D911-02_HU33,Schubert_D911-02_SC06,14,14,24.369342404,22.92446712,22.94258503438549,18.11791438549193,18.11791438549193,late,4595,4599,False,False,False
swd,D911-22_HU33_SC06,D911-22,Schubert_D911-22_HU33,Schubert_D911-22_SC06,61,62,70.88446712,68.466848073,68.48492063473923,18.07256173923122,18.07256173923122,late,13724,13728,False,False,False
swd,D911-20_HU33_SC06,D911-20,Schubert_D911-20_HU33,Schubert_D911-20_SC06,73,73,198.544058957,191.667755102,191.6497278912404,-18.027210759612444,18.027210759612444,early,38421,38417,False,False,False
swd,D911-24_HU33_SC06,D911-24,Schubert_D911-24_HU33,Schubert_D911-24_SC06,24,25,65.346145125,79.740385488,79.75839002295919,18.0045349591893,18.0045349591893,late,15984,15988,False,False,False
swd,D911-24_HU33_SC06,D911-24,Schubert_D911-24_HU33,Schubert_D911-24_SC06,28,29,77.422154195,92.365963719,92.34823129250567,-17.73242649433371,17.73242649433371,early,18515,18512,False,False,False
swd,D911-22_HU33_SC06,D911-22,Schubert_D911-22_HU33,Schubert_D911-22_SC06,52,53,61.047800454,58.790657596,58.80789115694784,17.23356094783668,17.23356094783668,late,11785,11788,False,False,False
swd,D911-02_HU33_SC06,D911-02,Schubert_D911-02_HU33,Schubert_D911-02_SC06,20,20,34.295873016,33.1469161,33.1297052154195,-17.210884580499908,17.210884580499908,early,6644,6641,False,False,False
swd,D911-17_HU33_SC06,D911-17,Schubert_D911-17_HU33,Schubert_D911-17_SC06,37,38,138.809092971,142.144263039,142.16147392338098,17.210884380972402,17.210884380972402,late,28493,28497,False,False,False
swd,D911-24_HU33_SC06,D911-24,Schubert_D911-24_HU33,Schubert_D911-24_SC06,43,44,125.472630385,140.937687075,140.9546485260771,16.961451077094125,16.961451077094125,late,28252,28255,False,False,False
swd,D911-22_HU33_SC06,D911-22,Schubert_D911-22_HU33,Schubert_D911-22_SC06,55,56,64.245260771,61.927437642,61.91056689344898,-16.87074855102111,16.87074855102111,early,12414,12410,False,False,False
swd,D911-07_HU33_SC06,D911-07,Schubert_D911-07_HU33,Schubert_D911-07_SC06,50,51,124.58138322,132.38675737,132.40360544222222,16.84807222221707,16.84807222221707,late,26538,26541,False,False,False
swd,D911-17_HU33_SC06,D911-17,Schubert_D911-17_HU33,Schubert_D911-17_SC06,20,21,71.284036281,78.764126984,78.78095238095239,16.825396952384608,16.825396952384608,late,15789,15792,False,False,False
swd,D911-22_HU33_SC06,D911-22,Schubert_D911-22_HU33,Schubert_D911-22_SC06,18,19,21.842335601,21.420975057,21.40431972803061,-16.655328969388705,16.655328969388705,early,4294,4291,False,False,False
swd,D911-06_HU33_SC06,D911-06,Schubert_D911-06_HU33,Schubert_D911-06_SC06,18,19,72.292199546,71.036598639,71.0200907024626,-16.50793653740834,16.50793653740834,early,14240,14236,False,False,False
swd,D911-24_HU33_SC06,D911-24,Schubert_D911-24_HU33,Schubert_D911-24_SC06,51,52,150.079546485,168.326712018,168.34303854849207,16.326530492079883,16.326530492079883,late,33742,33745,False,False,False
swd,D911-24_HU33_SC06,D911-24,Schubert_D911-24_HU33,Schubert_D911-24_SC06,56,57,169.190589569,186.467437642,186.45136054405668,-16.07709794330958,16.07709794330958,early,37378,37375,False,False,False
swd,D911-20_HU33_SC06,D911-20,Schubert_D911-20_HU33,Schubert_D911-20_SC06,47,47,125.365170068,122.206621315,122.22231292514284,15.69161014283793,15.69161014283793,late,24497,24500,False,False,False
swd,D911-18_HU33_SC06,D911-18,Schubert_D911-18_HU33,Schubert_D911-18_SC06,7,8,15.119115646,16.232312925,16.21662131493424,-15.691610065758255,15.691610065758255,early,3254,3251,False,False,False
swd,D911-22_HU33_SC06,D911-22,Schubert_D911-22_HU33,Schubert_D911-22_SC06,9,10,11.329818594,10.964512472,10.980045351473922,15.532879473923344,15.532879473923344,late,2198,2201,False,False,False
swd,D911-20_HU33_SC06,D911-20,Schubert_D911-20_HU33,Schubert_D911-20_SC06,74,74,201.392811791,194.323356009,194.33884353703175,15.487528031741249,15.487528031741249,late,38953,38956,False,False,False
swd,D911-20_HU33_SC06,D911-20,Schubert_D911-20_HU33,Schubert_D911-20_SC06,56,56,149.373469388,145.612494331,145.5970521544399,-15.442176560100052,15.442176560100052,early,29189,29186,False,False,False
swd,D911-07_HU33_SC06,D911-07,Schubert_D911-07_HU33,Schubert_D911-07_SC06,47,48,118.076439909,125.693764172,125.7090929702245,15.328798224501838,15.328798224501838,late,25196,25199,False,False,False
swd,D911-20_HU33_SC06,D911-20,Schubert_D911-20_HU33,Schubert_D911-20_SC06,69,69,186.833786848,180.832721088,180.81746031738774,-15.260770612258057,15.260770612258057,early,36249,36246,False,False,False
swd,D911-22_HU33_SC06,D911-22,Schubert_D911-22_HU33,Schubert_D911-22_SC06,62,63,72.049115646,69.52984127,69.54480725597733,14.965985977326568,14.965985977326568,late,13938,13941,False,False,False
swd,D911-24_HU33_SC06,D911-24,Schubert_D911-24_HU33,Schubert_D911-24_SC06,33,34,92.549977324,109.017210884,109.00226757369614,-14.943310303848989,14.943310303848989,early,21853,21850,False,False,False
swd,D911-07_HU33_SC06,D911-07,Schubert_D911-07_HU33,Schubert_D911-07_SC06,6,7,14.315419501,15.966575964,15.951700680138321,-14.875283861679023,14.875283861679023,early,3201,3198,False,False,False
swd,D911-22_HU33_SC06,D911-22,Schubert_D911-22_HU33,Schubert_D911-22_SC06,49,50,57.739365079,55.574081633,55.55931972752608,-14.761905473918091,14.761905473918091,early,11140,11137,False,False,False
swd,D911-17_HU33_SC06,D911-17,Schubert_D911-17_HU33,Schubert_D911-17_SC06,45,46,177.646213152,174.42829932,174.41356009077552,-14.739229224488781,14.739229224488781,early,34965,34962,False,False,False
swd,D911-02_HU33_SC06,D911-02,Schubert_D911-02_HU33,Schubert_D911-02_SC06,26,26,44.530272109,43.766598639,43.752040816482996,-14.557822517005548,14.557822517005548,early,8773,8770,False,False,False
swd,D911-02_HU33_SC06,D911-02,Schubert_D911-02_HU33,Schubert_D911-02_SC06,1,1,0.644897959,1.114285714,1.1287981857573697,14.512471757369694,14.512471757369694,late,223,226,False,False,False
swd,D911-22_HU33_SC06,D911-22,Schubert_D911-22_HU33,Schubert_D911-22_SC06,42,43,50.208911565,48.127959184,48.113673469761906,-14.285714238091884,14.285714238091884,early,9647,9645,False,False,False
swd,D911-02_HU33_SC06,D911-02,Schubert_D911-02_HU33,Schubert_D911-02_SC06,13,13,22.669387755,21.321723356,21.30748299309524,-14.240362904761383,14.240362904761383,early,4274,4271,False,False,False
swd,D911-24_HU33_SC06,D911-24,Schubert_D911-24_HU33,Schubert_D911-24_SC06,38,39,108.511632653,124.830385488,124.84451247159411,14.126983594110243,14.126983594110243,late,25023,25026,False,False,False
swd,D911-18_HU33_SC06,D911-18,Schubert_D911-18_HU33,Schubert_D911-18_SC06,10,11,22.259206349,23.161269841,23.14718820841043,-14.081632589569182,14.081632589569182,early,4643,4640,False,False,False
swd,D911-22_HU33_SC06,D911-22,Schubert_D911-22_HU33,Schubert_D911-22_SC06,27,28,32.673582766,31.659795918,31.64591836690703,-13.877551092971174,13.877551092971174,early,6346,6344,False,False,False
swd,D911-06_HU33_SC06,D911-06,Schubert_D911-06_HU33,Schubert_D911-06_SC06,23,24,91.835034014,90.08015873,90.09399093009976,13.832200099770375,13.832200099770375,late,18057,18060,False,False,False
swd,D911-24_HU33_SC06,D911-24,Schubert_D911-24_HU33,Schubert_D911-24_SC06,34,35,95.626870748,112.579727891,112.59331065729705,13.582766297048465,13.582766297048465,late,22567,22570,False,False,False
swd,D911-07_HU33_SC06,D911-07,Schubert_D911-07_HU33,Schubert_D911-07_SC06,7,8,16.486190476,18.541111111,18.527891156462584,-13.219954537415646,13.219954537415646,early,3717,3714,False,False,False
swd,D911-07_HU33_SC06,D911-07,Schubert_D911-07_HU33,Schubert_D911-07_SC06,60,61,148.345510204,157.371950113,157.38512471639,13.174603390012862,13.174603390012862,late,31546,31549,False,False,False
swd,D911-24_HU33_SC06,D911-24,Schubert_D911-24_HU33,Schubert_D911-24_SC06,9,10,22.61399093,32.732857143,32.74596371911565,13.106576115653468,13.106576115653468,late,6561,6564,False,False,False
swd,D911-24_HU33_SC06,D911-24,Schubert_D911-24_HU33,Schubert_D911-24_SC06,15,16,38.970453515,50.472063492,50.4593424038889,-12.721088111099732,12.721088111099732,early,10117,10115,False,False,False
swd,D911-22_HU33_SC06,D911-22,Schubert_D911-22_HU33,Schubert_D911-22_SC06,56,57,65.340770975,62.968435374,62.98113378679138,12.698412791380065,12.698412791380065,late,12622,12625,False,False,False
swd,D911-20_HU33_SC06,D911-20,Schubert_D911-20_HU33,Schubert_D911-20_SC06,4,4,9.386303855,8.984920635,8.9722448980839,-12.675736916099467,12.675736916099467,early,1801,1799,False,False,False
swd,D911-06_HU33_SC06,D911-06,Schubert_D911-06_HU33,Schubert_D911-06_SC06,34,35,136.875056689,134.118639456,134.13129251666442,12.653060664405302,12.653060664405302,late,26885,26887,False,False,False
swd,D911-20_HU33_SC06,D911-20,Schubert_D911-20_HU33,Schubert_D911-20_SC06,25,25,65.51414966,63.10446712,63.11655328798186,12.086167981856022,12.086167981856022,late,12650,12652,False,False,False
swd,D911-20_HU33_SC06,D911-20,Schubert_D911-20_HU33,Schubert_D911-20_SC06,64,64,171.965555556,165.890861678,165.902947845805,12.08616780499483,12.08616780499483,late,33254,33256,False,False,False
swd,D911-24_HU33_SC06,D911-24,Schubert_D911-24_HU33,Schubert_D911-24_SC06,10,11,25.483401361,35.592403628,35.58045351519501,-11.950112804989033,11.950112804989033,early,7135,7132,False,False,False
swd,D911-24_HU33_SC06,D911-24,Schubert_D911-24_HU33,Schubert_D911-24_SC06,16,17,41.616235828,53.96122449,53.973151927773245,11.92743777324523,11.92743777324523,late,10817,10819,False,False,False
swd,D911-02_HU33_SC06,D911-02,Schubert_D911-02_HU33,Schubert_D911-02_SC06,45,45,84.554557823,83.711678005,83.69977324263039,-11.904762369610467,11.904762369610467,early,16780,16778,False,False,False
swd,D911-22_HU33_SC06,D911-22,Schubert_D911-22_HU33,Schubert_D911-22_SC06,47,48,55.579750567,53.36723356,53.35534013621428,-11.89342378572178,11.89342378572178,early,10698,10695,False,False,False
swd,D911-07_HU33_SC06,D911-07,Schubert_D911-07_HU33,Schubert_D911-07_SC06,21,22,50.912222222,56.092290249,56.08047619025397,-11.81405874603314,11.81405874603314,early,11244,11242,False,False,False
swd,D911-20_HU33_SC06,D911-20,Schubert_D911-20_HU33,Schubert_D911-20_SC06,1,1,1.159092971,1.413605442,1.4018140589569161,-11.791383043083803,11.791383043083803,early,283,281,False,False,False
swd,D911-20_HU33_SC06,D911-20,Schubert_D911-20_HU33,Schubert_D911-20_SC06,16,16,41.205623583,39.942380952,39.93061224606577,-11.768705934230184,11.768705934230184,early,8007,8004,False,False,False
swd,D911-02_HU33_SC06,D911-02,Schubert_D911-02_HU33,Schubert_D911-02_SC06,46,46,86.159637188,85.217981859,85.20680272087982,-11.179138120184007,11.179138120184007,early,17082,17080,False,False,False
swd,D911-17_HU33_SC06,D911-17,Schubert_D911-17_HU33,Schubert_D911-17_SC06,10,11,31.412585034,39.685895692,39.67482993197279,-11.065760027214822,11.065760027214822,early,7955,7953,False,False,False
swd,D911-24_HU33_SC06,D911-24,Schubert_D911-24_HU33,Schubert_D911-24_SC06,18,19,47.836666667,60.337256236,60.34823129285034,10.975056850341502,10.975056850341502,late,12095,12097,False,False,False
swd,D911-20_HU33_SC06,D911-20,Schubert_D911-20_HU33,Schubert_D911-20_SC06,24,24,62.906984127,60.697777778,60.687029478473924,-10.748299526078142,10.748299526078142,early,12167,12165,False,False,False
swd,D911-22_HU33_SC06,D911-22,Schubert_D911-22_HU33,Schubert_D911-22_SC06,17,18,20.73723356,20.089410431,20.078730158639456,-10.680272360545473,10.680272360545473,early,4027,4025,False,False,False
swd,D911-18_HU33_SC06,D911-18,Schubert_D911-18_HU33,Schubert_D911-18_SC06,1,2,2.220249433,2.734603175,2.7241043082834473,-10.498866716552868,10.498866716552868,early,548,546,False,False,False
swd,D911-24_HU33_SC06,D911-24,Schubert_D911-24_HU33,Schubert_D911-24_SC06,29,30,80.104829932,96.482108844,96.49258503404081,10.476190040819233,10.476190040819233,late,19340,19342,False,False,False
swd,D911-20_HU33_SC06,D911-20,Schubert_D911-20_HU33,Schubert_D911-20_SC06,13,13,33.411473923,32.099727891,32.0894784581474,-10.24943285260349,10.24943285260349,early,6435,6432,False,False,False
swd,D911-24_HU33_SC06,D911-24,Schubert_D911-24_HU33,Schubert_D911-24_SC06,59,60,179.713560091,198.436145125,198.4260317463288,-10.113378671206874,10.113378671206874,early,39777,39775,False,False,False
swd,D911-24_HU33_SC06,D911-24,Schubert_D911-24_HU33,Schubert_D911-24_SC06,48,49,141.212539683,157.585351474,157.5753514743832,-9.999999616780997,9.999999616780997,early,31589,31587,False,False,False
swd,D911-24_HU33_SC06,D911-24,Schubert_D911-24_HU33,Schubert_D911-24_SC06,58,59,176.637732426,194.417278912,194.40734693847168,-9.931973528324534,9.931973528324534,early,38972,38970,False,False,False
swd,D911-22_HU33_SC06,D911-22,Schubert_D911-22_HU33,Schubert_D911-22_SC06,60,61,69.675056689,67.364988662,67.35532879784354,-9.65986415646114,9.65986415646114,early,13504,13502,False,False,False
swd,D911-22_HU33_SC06,D911-22,Schubert_D911-22_HU33,Schubert_D911-22_SC06,58,59,67.515464853,65.063333333,65.07297052213038,9.637189130373258,9.637189130373258,late,13042,13044,False,False,False
swd,D911-02_HU33_SC06,D911-02,Schubert_D911-02_HU33,Schubert_D911-02_SC06,40,40,75.382675737,74.635714286,74.6453514739229,9.637187922905355,9.637187922905355,late,14961,14963,False,False,False
swd,D911-20_HU33_SC06,D911-20,Schubert_D911-20_HU33,Schubert_D911-20_SC06,7,7,17.822403628,17.093514739,17.084081632535145,-9.43310646485429,9.43310646485429,early,3426,3425,False,False,False
swd,D911-24_HU33_SC06,D911-24,Schubert_D911-24_HU33,Schubert_D911-24_SC06,23,24,62.298798186,76.417346939,76.42668934246258,9.342403462582638,9.342403462582638,late,15318,15320,False,False,False
swd,D911-24_HU33_SC06,D911-24,Schubert_D911-24_HU33,Schubert_D911-24_SC06,47,48,137.970907029,154.308049887,154.29879818546257,-9.25170153743693,9.25170153743693,early,30932,30930,False,False,False
swd,D911-06_HU33_SC06,D911-06,Schubert_D911-06_HU33,Schubert_D911-06_SC06,57,58,240.77968254,225.6730839,225.6640362814966,-9.047618503387866,9.047618503387866,early,45237,45235,False,False,False
swd,D911-02_HU33_SC06,D911-02,Schubert_D911-02_HU33,Schubert_D911-02_SC06,32,32,58.398185941,56.713129252,56.721995464809524,8.866212809522267,8.866212809522267,late,11368,11370,False,False,False
swd,D911-20_HU33_SC06,D911-20,Schubert_D911-20_HU33,Schubert_D911-20_SC06,10,10,25.754875283,24.541269841,24.53265306077778,-8.616780222219234,8.616780222219234,early,4919,4918,False,False,False
swd,D911-22_HU33_SC06,D911-22,Schubert_D911-22_HU33,Schubert_D911-22_SC06,22,23,26.564195011,26.073877551,26.06532879784807,-8.548753151927713,8.548753151927713,early,5227,5225,False,False,False
swd,D911-22_HU33_SC06,D911-22,Schubert_D911-22_HU33,Schubert_D911-22_SC06,31,32,37.655238095,36.145124717,36.1536507934127,8.526076412699979,8.526076412699979,late,7245,7247,False,False,False
swd,D911-22_HU33_SC06,D911-22,Schubert_D911-22_HU33,Schubert_D911-22_SC06,25,26,30.368253968,29.374013605,29.365532879564626,-8.480725435372705,8.480725435372705,early,5888,5886,False,False,False
swd,D911-07_HU33_SC06,D911-07,Schubert_D911-07_HU33,Schubert_D911-07_SC06,65,66,158.619251701,168.248888889,168.2573469390952,8.458050095214276,8.458050095214276,late,33726,33728,False,False,False
swd,D911-24_HU33_SC06,D911-24,Schubert_D911-24_HU33,Schubert_D911-24_SC06,11,12,28.055034014,38.43,38.42156462703402,-8.43537296597674,8.43537296597674,early,7703,7702,False,False,False
swd,D911-18_HU33_SC06,D911-18,Schubert_D911-18_HU33,Schubert_D911-18_SC06,5,6,10.936734694,11.756712018,11.748299319727892,-8.412698272108443,8.412698272108443,early,2357,2355,False,False,False
swd,D911-22_HU33_SC06,D911-22,Schubert_D911-22_HU33,Schubert_D911-22_SC06,14,15,17.486190476,16.79015873,16.78185941043084,-8.299319569161412,8.299319569161412,early,3366,3364,False,False,False
swd,D911-22_HU33_SC06,D911-22,Schubert_D911-22_HU33,Schubert_D911-22_SC06,40,41,47.959977324,45.963718821,45.955555555555556,-8.16326544444479,8.16326544444479,early,9214,9212,False,False,False
swd,D911-24_HU33_SC06,D911-24,Schubert_D911-24_HU33,Schubert_D911-24_SC06,40,41,115.645646259,131.432789116,131.42478458099546,-8.004535004545232,8.004535004545232,early,26346,26345,False,False,False
swd,D911-17_HU33_SC06,D911-17,Schubert_D911-17_HU33,Schubert_D911-17_SC06,0,1,0.349433107,0.720634921,0.7285714289954648,7.936507995464748,7.936507995464748,late,144,146,False,False,False
swd,D911-06_HU33_SC06,D911-06,Schubert_D911-06_HU33,Schubert_D911-06_SC06,58,59,245.266893424,229.934671202,229.9267573695782,-7.913832421792222,7.913832421792222,early,46091,46090,False,False,False
swd,D911-20_HU33_SC06,D911-20,Schubert_D911-20_HU33,Schubert_D911-20_SC06,29,29,76.36675737,73.745238095,73.73773242668933,-7.505668310670899,7.505668310670899,early,14783,14781,False,False,False
swd,D911-24_HU33_SC06,D911-24,Schubert_D911-24_HU33,Schubert_D911-24_SC06,31,32,86.543287982,103.098185941,103.10564625864399,7.460317643989356,7.460317643989356,late,20666,20668,False,False,False
swd,D911-02_HU33_SC06,D911-02,Schubert_D911-02_HU33,Schubert_D911-02_SC06,23,23,39.172063492,38.23675737,38.244172335537414,7.414965537414275,7.414965537414275,late,7665,7666,False,False,False
swd,D911-17_HU33_SC06,D911-17,Schubert_D911-17_HU33,Schubert_D911-17_SC06,21,22,75.692562358,82.340204082,82.34743764144672,7.233559446717663,7.233559446717663,late,16505,16507,False,False,False
swd,D911-06_HU33_SC06,D911-06,Schubert_D911-06_HU33,Schubert_D911-06_SC06,44,45,180.645578231,172.666485261,172.6736961448322,7.210883832215131,7.210883832215131,late,34612,34613,False,False,False
swd,D911-17_HU33_SC06,D911-17,Schubert_D911-17_HU33,Schubert_D911-17_SC06,43,44,166.616099773,166.099614512,166.09251700680272,-7.097505197265264,7.097505197265264,early,33295,33294,False,False,False
swd,D911-22_HU33_SC06,D911-22,Schubert_D911-22_HU33,Schubert_D911-22_SC06,21,22,25.322199546,24.806326531,24.813356008585032,7.02947758503214,7.02947758503214,late,4973,4974,False,False,False
swd,D911-07_HU33_SC06,D911-07,Schubert_D911-07_HU33,Schubert_D911-07_SC06,17,18,40.66521542,45.052086168,45.04526077147392,-6.825396526082272,6.825396526082272,early,9031,9030,False,False,False
swd,D911-02_HU33_SC06,D911-02,Schubert_D911-02_HU33,Schubert_D911-02_SC06,30,30,54.781405896,53.15600907,53.149206349206345,-6.802720793658068,6.802720793658068,early,10655,10654,False,False,False
swd,D911-02_HU33_SC06,D911-02,Schubert_D911-02_HU33,Schubert_D911-02_SC06,7,7,10.709886621,10.771451247,10.778185940097512,6.734693097511624,6.734693097511624,late,2159,2161,False,False,False
swd,D911-18_HU33_SC06,D911-18,Schubert_D911-18_HU33,Schubert_D911-18_SC06,11,12,24.7930839,25.405034014,25.41167800430839,6.643990308386805,6.643990308386805,late,5093,5094,False,False,False
swd,D911-06_HU33_SC06,D911-06,Schubert_D911-06_HU33,Schubert_D911-06_SC06,15,16,61.642426304,59.620816327,59.62700680286621,6.190475866212353,6.190475866212353,late,11951,11953,False,False,False
swd,D911-07_HU33_SC06,D911-07,Schubert_D911-07_HU33,Schubert_D911-07_SC06,13,14,31.045600907,34.571768707,34.57757369611565,5.804989115652859,5.804989115652859,late,6930,6931,False,False,False
swd,D911-17_HU33_SC06,D911-17,Schubert_D911-17_HU33,Schubert_D911-17_SC06,17,18,57.705986395,67.725260771,67.73106575963719,5.804988637194697,5.804988637194697,late,13576,13577,False,False,False
swd,D911-24_HU33_SC06,D911-24,Schubert_D911-24_HU33,Schubert_D911-24_SC06,20,21,53.196462585,66.776371882,66.77061224486394,-5.759637136065976,5.759637136065976,early,13386,13384,False,False,False
swd,D911-22_HU33_SC06,D911-22,Schubert_D911-22_HU33,Schubert_D911-22_SC06,3,4,4.004761905,4.085351474,4.079591836972789,-5.759637027211717,5.759637027211717,early,819,818,False,False,False
swd,D911-20_HU33_SC06,D911-20,Schubert_D911-20_HU33,Schubert_D911-20_SC06,41,41,109.425759637,106.920498866,106.92616780017119,5.668934171183082,5.668934171183082,late,21433,21434,False,False,False
swd,D911-06_HU33_SC06,D911-06,Schubert_D911-06_HU33,Schubert_D911-06_SC06,47,48,192.342108844,183.672494331,183.666825397288,-5.6689337120019445,5.6689337120019445,early,36818,36817,False,False,False
swd,D911-07_HU33_SC06,D911-07,Schubert_D911-07_HU33,Schubert_D911-07_SC06,69,70,167.640226757,177.568185941,177.56267573659184,-5.5102044081536405,5.5102044081536405,early,35594,35593,False,False,False
swd,D911-24_HU33_SC06,D911-24,Schubert_D911-24_HU33,Schubert_D911-24_SC06,30,31,83.188548753,100.134512472,100.14002267590249,5.510203902488797,5.510203902488797,late,20072,20074,False,False,False
swd,D911-02_HU33_SC06,D911-02,Schubert_D911-02_HU33,Schubert_D911-02_SC06,8,8,12.519206349,12.305124717,12.29970521521315,-5.419501786850134,5.419501786850134,early,2467,2466,False,False,False
swd,D911-22_HU33_SC06,D911-22,Schubert_D911-22_HU33,Schubert_D911-22_SC06,39,40,46.857142857,44.842108844,44.83673469373469,-5.374150265311073,5.374150265311073,early,8989,8988,False,False,False
swd,D911-24_HU33_SC06,D911-24,Schubert_D911-24_HU33,Schubert_D911-24_SC06,22,23,59.446598639,73.17031746,73.17539682494103,5.079364941025233,5.079364941025233,late,14667,14668,False,False,False
swd,D911-18_HU33_SC06,D911-18,Schubert_D911-18_HU33,Schubert_D911-18_SC06,15,16,34.280861678,34.320839002,34.32575963718368,4.920635183680133,4.920635183680133,late,6880,6881,False,False,False
swd,D911-02_HU33_SC06,D911-02,Schubert_D911-02_HU33,Schubert_D911-02_SC06,43,43,81.029115646,80.056077098,80.05133786822222,-4.739229777783294,4.739229777783294,early,16048,16047,False,False,False
swd,D911-02_HU33_SC06,D911-02,Schubert_D911-02_HU33,Schubert_D911-02_SC06,10,10,17.420408163,16.537732426,16.542403627852607,4.671201852605833,4.671201852605833,late,3315,3316,False,False,False
swd,D911-24_HU33_SC06,D911-24,Schubert_D911-24_HU33,Schubert_D911-24_SC06,57,58,173.498911565,190.459909297,190.46446712074263,4.557823742629807,4.557823742629807,late,38179,38179,False,False,False
swd,D911-18_HU33_SC06,D911-18,Schubert_D911-18_HU33,Schubert_D911-18_SC06,6,7,13.037687075,14.021043084,14.025442177040816,4.399093040815316,4.399093040815316,late,2811,2811,False,False,False
swd,D911-22_HU33_SC06,D911-22,Schubert_D911-22_HU33,Schubert_D911-22_SC06,28,29,33.67553288,32.723401361,32.72768707501134,4.285714011338371,4.285714011338371,late,6560,6560,False,False,False
swd,D911-22_HU33_SC06,D911-22,Schubert_D911-22_HU33,Schubert_D911-22_SC06,34,35,41.32244898,39.455941043,39.45170068068027,-4.240362319734459,4.240362319734459,early,7909,7908,False,False,False
swd,D911-22_HU33_SC06,D911-22,Schubert_D911-22_HU33,Schubert_D911-22_SC06,8,9,10.252789116,9.862879819,9.858684807609977,-4.1950113900224295,4.1950113900224295,early,1977,1976,False,False,False
swd,D911-24_HU33_SC06,D911-24,Schubert_D911-24_HU33,Schubert_D911-24_SC06,14,15,36.47478458,47.543628118,47.539637187709744,-3.990930290257211,3.990930290257211,early,9530,9530,False,False,False
swd,D911-07_HU33_SC06,D911-07,Schubert_D911-07_HU33,Schubert_D911-07_SC06,40,41,99.473378685,106.139433107,106.14321995484127,3.7868478412690365,3.7868478412690365,late,21276,21277,False,False,False
swd,D911-02_HU33_SC06,D911-02,Schubert_D911-02_HU33,Schubert_D911-02_SC06,35,35,63.427845805,61.685578231,61.68181405896825,-3.7641720317509453,3.7641720317509453,early,12365,12364,False,False,False
swd,D911-02_HU33_SC06,D911-02,Schubert_D911-02_HU33,Schubert_D911-02_SC06,0,0.75,0.293877551,0.816326531,0.8199546484954648,3.6281174954648776,3.6281174954648776,late,164,164,False,False,False
swd,D911-20_HU33_SC06,D911-20,Schubert_D911-20_HU33,Schubert_D911-20_SC06,34,34,90.441496599,87.315147392,87.31156462585034,-3.582766149662575,3.582766149662575,early,17503,17502,False,False,False
swd,D911-07_HU33_SC06,D911-07,Schubert_D911-07_HU33,Schubert_D911-07_SC06,57,58,140.270521542,149.054058957,149.05056689347396,-3.4920635260391464,3.4920635260391464,early,29879,29878,False,False,False
swd,D911-06_HU33_SC06,D911-06,Schubert_D911-06_HU33,Schubert_D911-06_SC06,22,23,87.918571429,86.323809524,86.32718820904535,3.3786850453481065,3.3786850453481065,late,17304,17305,False,False,False
swd,D911-24_HU33_SC06,D911-24,Schubert_D911-24_HU33,Schubert_D911-24_SC06,5,6,12.060725624,19.482743764,19.486054422811794,3.310658811795264,3.310658811795264,late,3905,3906,False,False,False
swd,D911-22_HU33_SC06,D911-22,Schubert_D911-22_HU33,Schubert_D911-22_SC06,30,31,36.108866213,34.973219955,34.97643990914512,3.219954145123438,3.219954145123438,late,7011,7011,False,False,False
swd,D911-22_HU33_SC06,D911-22,Schubert_D911-22_HU33,Schubert_D911-22_SC06,41,42,49.002063492,47.008435374,47.011587301523804,3.1519275238025557,3.1519275238025557,late,9423,9424,False,False,False
swd,D911-17_HU33_SC06,D911-17,Schubert_D911-17_HU33,Schubert_D911-17_SC06,42,43,161.764943311,162.256984127,162.25383219988888,-3.1519271111335456,3.1519271111335456,early,32525,32525,False,False,False
swd,D911-18_HU33_SC06,D911-18,Schubert_D911-18_HU33,Schubert_D911-18_SC06,14,15,32.012063492,32.148866213,32.15174603168254,2.8798186825440553,2.8798186825440553,late,6444,6445,False,False,False
swd,D911-24_HU33_SC06,D911-24,Schubert_D911-24_HU33,Schubert_D911-24_SC06,4,5,9.609229025,15.703061224,15.700385487585033,-2.6757364149680996,2.6757364149680996,early,3148,3147,False,False,False
swd,D911-06_HU33_SC06,D911-06,Schubert_D911-06_HU33,Schubert_D911-06_SC06,0,1,0.369092971,1.434240363,1.4316780050136055,-2.562357986394481,2.562357986394481,early,288,287,False,False,False
swd,D911-24_HU33_SC06,D911-24,Schubert_D911-24_HU33,Schubert_D911-24_SC06,52,53,153.279637188,172.086371882,172.08888888888887,2.5170068888655805,2.5170068888655805,late,34495,34496,False,False,False
swd,D911-17_HU33_SC06,D911-17,Schubert_D911-17_HU33,Schubert_D911-17_SC06,46,47,180.831972789,177.916258503,177.91859410419272,2.3356011927262443,2.3356011927262443,late,35664,35665,False,False,False
swd,D911-17_HU33_SC06,D911-17,Schubert_D911-17_HU33,Schubert_D911-17_SC06,3,4,8.697210884,12.641904762,12.644229024412699,2.3242624126993405,2.3242624126993405,late,2534,2535,False,False,False
swd,D911-20_HU33_SC06,D911-20,Schubert_D911-20_HU33,Schubert_D911-20_SC06,63,63,169.202947846,163.393469388,163.39115646278003,-2.312925219968065,2.312925219968065,early,32753,32753,False,False,False
swd,D911-17_HU33_SC06,D911-17,Schubert_D911-17_HU33,Schubert_D911-17_SC06,12,13,38.381156463,47.163922902,47.16619047660544,2.267574605440359,2.267574605440359,late,9454,9455,False,False,False
swd,D911-06_HU33_SC06,D911-06,Schubert_D911-06_HU33,Schubert_D911-06_SC06,59,60,250.910657596,235.253446712,235.25124716516098,-2.1995468390230144,2.1995468390230144,early,47158,47157,False,False,False
swd,D911-17_HU33_SC06,D911-17,Schubert_D911-17_HU33,Schubert_D911-17_SC06,9,10,28.345578231,35.976145125,35.97823129222449,2.0861672244905094,2.0861672244905094,late,7212,7212,False,False,False
swd,D911-17_HU33_SC06,D911-17,Schubert_D911-17_HU33,Schubert_D911-17_SC06,15,16,48.748594104,59.29755102,59.29961451216327,2.0634921632662895,2.0634921632662895,late,11886,11887,False,False,False
swd,D911-22_HU33_SC06,D911-22,Schubert_D911-22_HU33,Schubert_D911-22_SC06,53,54,62.036099773,59.810272109,59.8082539677687,-2.0181412313036162,2.0181412313036162,early,11989,11989,False,False,False
swd,D911-17_HU33_SC06,D911-17,Schubert_D911-17_HU33,Schubert_D911-17_SC06,5,6,14.613446712,20.671473923,20.6696825396644,-1.7913833356004716,1.7913833356004716,early,4144,4143,False,False,False
swd,D911-18_HU33_SC06,D911-18,Schubert_D911-18_HU33,Schubert_D911-18_SC06,9,10,19.664535147,20.845918367,20.847619047619048,1.7006806190487112,1.7006806190487112,late,4179,4179,False,False,False
swd,D911-24_HU33_SC06,D911-24,Schubert_D911-24_HU33,Schubert_D911-24_SC06,42,43,121.973061224,137.571179138,137.57260770926078,1.428571260788658,1.428571260788658,late,27577,27577,False,False,False
swd,D911-17_HU33_SC06,D911-17,Schubert_D911-17_HU33,Schubert_D911-17_SC06,36,37,134.701428571,138.324240363,138.32562358276644,1.3832197664385149,1.3832197664385149,late,27728,27728,False,False,False
swd,D911-18_HU33_SC06,D911-18,Schubert_D911-18_HU33,Schubert_D911-18_SC06,2,3,4.126530612,4.872653061,4.873922902494331,1.2698414943308478,1.2698414943308478,late,977,977,False,False,False
swd,D911-22_HU33_SC06,D911-22,Schubert_D911-22_HU33,Schubert_D911-22_SC06,35,36,42.33154195,40.504444444,40.505691609863945,1.247165863944133,1.247165863944133,late,8119,8120,False,False,False
swd,D911-20_HU33_SC06,D911-20,Schubert_D911-20_HU33,Schubert_D911-20_SC06,45,45,120.095804989,117.146371882,117.1475056692721,1.1337872721099984,1.1337872721099984,late,23483,23483,False,False,False
swd,D911-24_HU33_SC06,D911-24,Schubert_D911-24_HU33,Schubert_D911-24_SC06,2,3,4.849229025,9.138344671,9.139478458106575,1.1337871065748573,1.1337871065748573,late,1832,1832,False,False,False
swd,D911-20_HU33_SC06,D911-20,Schubert_D911-20_HU33,Schubert_D911-20_SC06,81,81,225.78106576,218.39185941,218.39285714321994,0.9977332199468947,0.9977332199468947,late,43778,43778,False,False,False
swd,D911-06_HU33_SC06,D911-06,Schubert_D911-06_HU33,Schubert_D911-06_SC06,7,8,27.200204082,28.813628118,28.814512471655327,0.8843536553264641,0.8843536553264641,late,5776,5776,False,False,False
swd,D911-06_HU33_SC06,D911-06,Schubert_D911-06_HU33,Schubert_D911-06_SC06,6,7,22.671451247,25.030566893,25.031088435208616,0.5215422086166654,0.5215422086166654,late,5017,5018,False,False,False
swd,D911-24_HU33_SC06,D911-24,Schubert_D911-24_HU33,Schubert_D911-24_SC06,44,45,128.630680272,144.305555556,144.30505668923357,-0.49886676643495775,0.49886676643495775,early,28927,28927,False,False,False
swd,D911-20_HU33_SC06,D911-20,Schubert_D911-20_HU33,Schubert_D911-20_SC06,32,32,85.036507937,82.007845805,82.00827664472902,0.43083972902024925,0.43083972902024925,late,16439,16439,False,False,False
swd,D911-02_HU33_SC06,D911-02,Schubert_D911-02_HU33,Schubert_D911-02_SC06,44,44,82.848798186,81.895600907,81.89596371887981,0.36281187981046514,0.36281187981046514,late,16416,16416,False,False,False
swd,D911-18_HU33_SC06,D911-18,Schubert_D911-18_HU33,Schubert_D911-18_SC06,17,18,38.825963719,38.616530612,38.61643990947619,-0.09070252380638522,0.09070252380638522,early,7741,7741,False,False,False
swd,D911-07_HU33_SC06,D911-07,Schubert_D911-07_HU33,Schubert_D911-07_SC06,49,50,122.436984127,130.147006803,130.14708616782426,0.07936482424497626,0.07936482424497626,late,26089,26089,False,False,False
